composer_name	nationality	birth	death
H.J. Golde	unknown	unknown	unknown
Thierry Pélicant	French	1957	unknown
Oscar Werner	Austrian	1922	1984
Ata Ghavidel	Italian	1320	1360
Brian Henderson-Sellers	Australian	1950	2011
Peter McKenzie Armstrong	unknown	unknown	unknown
Arseny Koreshchenko	Russian	1870	1921
Alfred Bruneau	French	1857	1911
Théodore Dubois	French	1837	1924
Charles Tomlinson Griffes	American	1884	1920
Gustav Adolf Merkel	German	1827	1885
August Ferdinand Haeser	unknown	1779	1844
Miloje Milojević	unknown	1884	1946
Christian Friedrich Schale	unknown	1713	1800
Ludvig Schytte	Danish	1848	1909
Cyrille Rose	French	1830	1902
José Broca	Spanish	1805	1882
Alejandro Díaz	unknown	unknown	unknown
Ernst Rentsch	unknown	unknown	unknown
Bruno Karl Ludwig Henze	German	1872	1946
Hermann Zopff	German	1826	1883
Fritz Volbach	German	1861	1940
Annie K. Pfund	unknown	unknown	unknown
Michelangelo Rossi	Italian	1600	1656
Joseph Jongen	Belgian	1873	1953
John Bull	British	1560	1628
Federico Moretti	Italian	1769	1839
Hélène Montgeroult	French	1764	1836
Richard Wagner	German	1813	1848
George Rosey	American	1864	1936
Heinrich Strobl	German	1898	1970
Ernest Wunderlich	Australian	1859	1945
John C. Folwell	American	1904	unknown
Emerson Whithorne	American	1884	1958
Henri Cellot	French	1885	1951
Ludwig Minkus	Austrian	1826	1917
Francisco Tárrega	Spanish	1852	1909
Ferdinand Hiller	German	1811	1885
Gian Francesco Malipiero	Italian	1882	1973
Tomás Adiego Navarro	unknown	unknown	unknown
Evgeny Pavlov	Russian	1959	unknown
Ascanio Trombetti	Italian	1544	1590
Anton Liste	German	1772	1832
Karl Weinberger	Austrian	1861	1939
René Vierne	French	1878	1918
Emil Breslaur	German	1836	1899
Otto Winter-Hjelm	Norwegian	1837	1931
Paul Barbot	unknown	unknown	unknown
Joel Engel	Russian	1868	1927
Walford Davies	British	1869	1941
Frederick Hall	American	1898	1954
Edwin Henry Lemare	British	1866	1934
Felix Woyrsch	German	1860	1944
W. L. Battell	unknown	unknown	unknown
Adolfo Zabala	unknown	unknown	unknown
Jorge Alfredo Moros	unknown	unknown	unknown
B. Beer	unknown	unknown	unknown
George de Cairos-Rego	Australian	1858	1946
Jarosław Zieliński	Polish	1960	-
Willem Coenen	Dutch	1836	1918
Albert Loeschhorn	German	1819	1905
Elie Miriam Delaborde	French	1839	1913
Germaine Tailleferre	French	1892	1983
Christoph Graupner	German	1683	1760
Mary E. Walsh	American	1864	unknown
Walter Engelsmann	unknown	unknown	unknown
Carl Loewe	German	1796	1869
Julius Benedict	British	1804	1885
Aleksandr Scriabin	Russian	1872	1915
Paul Höfle	unknown	unknown	unknown
John Dowland	British	1563	1626
Carl Kuntze	German	1817	1883
Joseph Béesau	Russian	1871	1940
A. Defournaux	unknown	unknown	unknown
J. Depret	unknown	unknown	unknown
Charles Lecocq	French	1832	1918
Horace Wadham Nicholl	British	1848	1922
Gaston Salvayre	French	1847	1916
Alphonse Schmitt	French	1875	1912
Aleksandr Goldenweiser	Russian	1875	1961
Aleksandr Veprik	Russian	1899	1958
Leoš Janáček	Czech	1854	1928
Mark Petering	American	1973	unknown
Leland Stanford Roberts	American	1884	1949
Ludvig Norman	Swedish	1831	1885
Félix Minet	unknown	unknown	unknown
Jan Zwart	Dutch	1877	1937
Georgy Catoire	Russian	1861	1926
Victor Bendix	Danish	1851	1926
Charles Ingle	French	1862	1940
Rodolphe Kreutzer	French	1766	1831
Louis Sauter	American	1955	unknown
Henri Louis Charles Duvernoy	unknown	1820	1906
Steven Verhelst	Belgian	1981	unknown
Hans Arvesen	unknown	unknown	unknown
Paul Lincke	German	1866	1946
Paulo Gazzaneo	Brazilian	1965	unknown
Mark Gotham	unknown	unknown	unknown
Émile Pessard	French	1843	1917
Ede Poldini	Belgian	1879	1932
Celestino Piaggio	Argentine	1886	1931
Leopold de Meyer	Austrian	1816	1883
Teodoro Cottrau	Italian	1827	1879
Charles Leslie Johnson	American	1876	1950
Lawrence Wright	British	1888	1964
Vladislav Aloiz	Russian	1860	1918
Armin Fuchs	German	1960	-
Arthur Hartmann	American	1881	1956
Mon Schjelderup	Norwegian	1874	1934
Geert Van Hoorick	Belgian	1968	-
Franz Schubert	Austrian	1797	1828
C. von Horn	unknown	unknown	unknown
Edward German	British	1862	1936
Uli Schauerte	unknown	unknown	unknown
Henri van Gael	unknown	1860	1918
Giovanni Francesco Buongiovanni	American	1872	1940
Charles Delioux	French	1825	1915
Ignace Antoine Ladurner	French	1766	1839
Edoardo Mascheroni	Italian	1852	1941
Ernest Chausson	French	1855	1899
George Antheil	American	1900	1959
Albert Jungmann	German	1824	1892
Sigurd Berge	Norwegian	1929	2002
Daniel Fleuret	French	1869	1915
Riccardo Casalaina	Italian	1881	1908
Yanpeng Zhang	Chinese	1989	-
Richard Keys Biggs	American	1886	1962
Ignatius de Orellana	British	1860	1931
Edvard Grieg	Norwegian	1843	1907
Anton Bruckner	Austrian	1824	1896
David Joseph Stith	American	1969	-
Manuel Benavente	Spanish	unknown	unknown
Percy Grainger	Australian	1882	1961
Carl Goldmark	Hungarian	1830	1915
Bonifazio Asioli	unknown	1769	1832
Alessandro Grego	unknown	1969	-
Moritz Weyermann	German	unknown	unknown
Edmond Laurens	French	1852	1925
Harry Von Tilzer	American	1872	1946
Arcangelo Lori	Italian	1615	1679
William Sterndale Bennett	British	1816	1875
William Harold Neidlinger	American	1863	1924
Georg Philipp Telemann	German	1681	1767
Harry Rowe Shelley	American	1858	1947
Mieczysław Sołtys	Polish	1863	1929
Moritz Brosig	German	1815	1887
Jan Skrzydlewski	Polish	1867	1943
Louis Lavater	Australian	1867	1953
Percy Goetschius	American	1853	1943
Luis Cluzeau Mortet	Uruguayan	1888	1957
Louis-Henri Merck	unknown	1835	1900
Harold Samuel	British	1879	1937
John B. Coupa	unknown	unknown	unknown
Bedřich Smetana	Austrian	1824	1884
Semyon Barmotin	Russian	1877	1939
Isidore Witmark	American	1869	1941
Pasquale Anfossi	Italian	1727	1797
Heinrich Isaac	Belgian	1450	1517
John Ansell	British	1874	1948
Engelbert Humperdinck	German	1854	1921
Eugen d' Albert	British	1864	1932
Giovanni Corini	Italian	1805	1865
Laura Netzel	Swedish	1839	1927
Hanns Kötzschke	German	1867	1949
Ivan Shmarygin	Russian	1995	-
Louis Brassin	Belgian	1840	1884
Malay Folk Songs	unknown	unknown	unknown
Alberto Soriano Thebas	Argentine	1915	1981
Louis Glass	Danish	1864	1936
Barbara Strozzi	Italian	1619	1677
Jef Tinel	Belgian	1885	1972
Jean-Baptiste Duvernoy	French	1802	1880
George Washbourne Morgan	British	1823	1892
Elaine Fine	American	1959	-
Alfred Jaëll	Austrian	1832	1882
Joan Baptista Pujol	Spanish	1835	1898
Julius Klengel	German	1859	1933
William Augustus Montgomery	British	1872	1948
Ciprian Porumbescu	Romanian	1853	1883
Bernhard Eduard Müller	German	1842	1920
Andreas Hammerschmidt	German	1610	1675
Cuthbert Edward Clark	British	1869	1953
Ludwig Berger	German	1777	1839
Joachim Andersen	Danish	1847	1909
Walter Ross	American	1936	unknown
Károly Aggházy	Hungarian	1855	1918
William Robert Knox	Australian	1861	1933
Stanislas Chomentowski	unknown	unknown	unknown
Will H. Vodery	American	1885	1951
Maurice Decourcelle	French	1815	unknown
Arling Shaeffer	American	1859	1943
Adolf Schulz-Evler	Polish	1852	1905
Heather W. Reichgott	American	1979	-
John Blow	British	1649	1708
Franz Bendel	Czech	1833	1874
W. C. Handy	American	1873	1958
Edward MacDowell	American	1860	1908
Henri Cramer	German	1818	1877
Edward Bunnett	American	1834	1923
Costantino De Crescenzo	American	1847	1911
Paul Henrion	French	1817	1901
Tom V. Lawrie	unknown	unknown	unknown
Leopold Suchsland	Austrian	1871	1943
Andrea Maria Ottavini	Filipino	1995	-
Giovanni Marco Rutini	Italian	1723	1797
Nikolay Amani	Russian	1872	1904
Léon Delcroix	Belgian	1880	1938
Felix Draeseke	German	1835	1913
Darius Milhaud	French	1892	1974
Aleksandr Alyabyev	Russian	1787	1851
Henry Rowley Bishop	British	1786	1855
Nikolay Tcherepnin	Russian	1873	1945
Jeff Fallen	American	1954	-
Roman Statkowski	Polish	1859	1925
Ferdinand Quentin Dulcken	British	1837	1901
Robert Goldbeck	German	1839	1908
Antoine Della-Tolla	unknown	unknown	unknown
Sergei Srebdolskii	Russian	1850	1919
Christian Junck	unknown	1991	-
Ivan Caryll	Belgian	1861	1921
Charles Mawson-Marks	German	1727	1777
George Frederick Pinto	British	1785	1806
Ernesto Nazareth	Brazilian	1863	1934
Theodore Moelling	German	1788	1864
Frederick Shepherd Converse	American	1871	1940
Roberto Novegno	unknown	1981	-
Franz Krommer	Austrian	1759	1831
Johann Pachelbel	German	1653	1706
Johann Philipp Kirnberger	German	1721	1783
Hans Sitt	unknown	1850	1922
Giulio Bentivoglio	unknown	1864	1939
Louis Bödecker	German	1845	1889
Vasily Vrangel	Russian	1862	1901
Bernardo Corsi	Italian	1570	1619
Luis Félix Parodi Ortega	unknown	unknown	unknown
Marceli Madejski	Polish	1822	1886
Samuil Feinberg	Russian	1890	1962
Rodolphe Berger	American	1864	1916
Everett Almound Johnston	unknown	unknown	unknown
Louis Köhler	German	1820	1886
Ferdinand de Croze	French	1828	1902
Józef Stefani	Polish	1800	1876
Géza Zichy	Hungarian	1849	1924
Philippe Courras	French	1879	1941
Jāzeps Vītols	German	1863	1948
Luigi Legnani	Italian	1790	1877
Francesco Capponi	unknown	1840	1900
Hubert Bath	British	1883	1945
Konstantin Antipov	Russian	1858	1927
Edward James Loder	British	1813	1865
Conradin Kreutzer	German	1780	1849
Esther Kahn	Australian	1877	1962
Charles-Ferdinand Lenepveu	British	1840	1910
Royal Beal	unknown	unknown	unknown
John Carver Alden	unknown	unknown	unknown
Bernardino Belém de Souza	unknown	unknown	unknown
Maurice Pesse	French	1881	1943
Pierre François Olivier Aubert	French	1763	1830
Carl Haslinger	Austrian	1816	1868
Luiz Malucelll	Brazilian	unknown	unknown
Cyprian Romberg	German	1807	1865
Stanisław Niewiadomski	Ukrainian	1859	1936
John Powell	American	1882	1963
Frederick Channon Collinge	American	1867	1936
Julius Bechgaard	Danish	1843	1917
Edgard Varèse	French	1883	1965
Sergei Rachmaninoff	Russian	1873	1943
Semyon Panchenko	unknown	1867	1937
Josef Schmid	German	1868	1945
Paul Vidal	French	1863	1931
Luciano Gallet	Brazilian	1893	1931
Johann Baptist Cramer	British	1771	1858
Frédéric Crimail	French	1961	-
Walter Carroll	British	1869	1955
G. Z. Clouwez	unknown	unknown	unknown
Samuel Coleridge-Taylor	British	1875	1912
Catharinus Elling	Norwegian	1858	1942
Aleksandr Gurilyov	Russian	1803	1858
Jan Karol Gall	Polish	1856	1912
Walter Cleveland Simon	American	1884	1958
Déodat de Séverac	French	1872	1921
Youmei Xiao	Chinese	1884	1940
Frank Zintl	unknown	1957	-
Caroline Lowthian	unknown	1860	-
Vassil Spassov	unknown	unknown	unknown
Benoit Fidele Poirier	Canadian	1882	1965
Micah Hood	American	unknown	unknown
Théodore Thurner	French	1806	1845
Modest Mussorgsky	Russian	1839	1881
Gaston Borch	French	1871	1926
Charles Albert Edwin Harriss	British	1862	1929
A. Abramowitsch	unknown	unknown	unknown
Matteo Carcassi	Italian	1792	1853
Henrique Oswald	Brazilian	1852	1931
Mary Simoni	American	unknown	unknown
Alice Ellen Charbonnet	Australian	1850	1913
Maria Hester Park	British	1760	1813
Giuseppe Ottavio Pitoni	Italian	1657	1743
Gérard Reyne	unknown	unknown	unknown
Louis Charles Ragué	French	1759	1794
Havergal Brian	British	1876	1972
Woldemar Sacks	American	1950	unknown
Francesco Stoepel	French	1794	1836
Giuseppe Sarti	Italian	1729	1802
Wolfgang Carl Briegel	German	1626	1712
Lucien Joseph Edouard Hillemacher	French	1852	1933
Kurt Noack	German	1893	1945
Frederic Rzewski	American	1938	2009
Enrique Soro	Italian	1884	1954
Michael Bates	Canadian	unknown	unknown
Emile-Robert Blanchet	Swiss	1877	1943
Georges Jacob	French	1877	1950
Melchior Cortez	Brazilian	1882	1947
Georges Cuvelard	unknown	unknown	unknown
Willem Pijper	Dutch	1894	1947
Marie Wieck	German	1832	1916
Ehsan Saboohi	Iranian	1981	-
Ignacy Feliks Dobrzyński	Polish	1807	1867
John Pridham	British	1818	1896
Fritz Spindler	German	1817	1905
Arnold von Bruck	Belgian	1500	1554
Arthur Morris	Australian	1889	1980
Alfred Chenet	Canadian	1854	unknown
Paulo Couceiro	unknown	unknown	unknown
F. L. Kehren	unknown	unknown	unknown
Paul Cecchetti	Irish	unknown	unknown
Raoul Laparra	French	1876	1943
Garfield Wilson	British	1969	unknown
Jozua Schravesande	unknown	unknown	unknown
Sveinbjörn Sveinbjörnsson	Icelandic	1847	1927
Domenico Scarlatti	Italian	1685	1757
A. Kramer	American	1890	1969
Giuseppe Bencini	unknown	unknown	unknown
Mario Castelnuovo-Tedesco	Italian	1895	1968
Louis Durey	French	1888	1979
Beryl Rubinstein	American	1898	1952
Kerry Mills	American	1869	1948
Alfredo Barbirolli	French	unknown	1931
Franz Neruda	Danish	1843	1915
Maurizio Marcozzi	unknown	unknown	unknown
Alejandro García Caturla	Cuban	1906	1940
Dustin Naegel	German	1988	unknown
A. F. Wustrow	unknown	unknown	unknown
François Rasse	Belgian	1873	1955
Jordan Murray Holloway	unknown	1999	-
Benjamin Godard	French	1849	1895
Ludwig Albrecht	Russian	1844	1899
Renato Brogi	Italian	1873	1924
Émile Prudent	French	1817	1863
Paul Colberg	German	1863	1926
Thomas Dunhill	British	1877	1946
Charles Hubert Hastings Parry	Spanish	1848	1918
Sergey Yevseyev	Russian	1894	1956
Jean Sibelius	Finnish	1865	1957
Ignacy Jan Paderewski	Polish	1860	1911
Alexander Utendal	Belgian	1540	1581
Stefano Golinelli	Italian	1818	1891
Charles Tournemire	French	1870	1939
Charles Samuel Bovy-Lysberg	Swiss	1821	1873
Jeffrey Michael Harrington	unknown	1955	-
Aleksandr Tinyakov	Spanish	1886	1934
Carl Richter Nicolai	German	1810	1849
Emilie Mayer	German	1812	1883
Levon Martirosyan	unknown	unknown	unknown
Carlos Gomes	Brazilian	1836	1896
Franz Behr	German	1837	1898
Charles John	British	1712	1786
Léon Delahaye	French	1844	1896
Paul Wachs	French	1851	1915
Carl Gottlieb Reissiger	German	1798	1859
Philippe Joseph Hinner	German	1755	1784
Alberto Williams	Irish	1862	1952
Christian Hien	unknown	unknown	unknown
Euday L. Bowman	American	1887	1949
Karl L. Hoschna	Bohemian	1877	1911
Jean-Baptiste Feyzeau	French	1745	1806
Alexandre-Pierre-François Boëly	French	1785	1858
Roger Quilter	British	1877	1953
Viktor Kosenko	Ukrainian	1896	1938
Johann Anton André	German	1775	1842
Alfred Kastner	Austrian	1870	1948
Jacob Schmitt	German	1803	1853
Hugo Reinhold	Austrian	1854	1935
Roger Ellman	unknown	1932	unknown
Hughe Woolford	unknown	unknown	unknown
Pedro Humberto Allende	Chilean	1885	1959
Tomás Luis de Victoria	Spanish	1548	1611
Mrs. Crosby Adams	unknown	unknown	unknown
Charles C. Bertholdt	unknown	unknown	unknown
Ramin Habibzadeh Aydenlou	unknown	unknown	unknown
Peter Benoit	Belgian	1834	1901
Angelina Kolb Ayala	unknown	unknown	unknown
Adrián Antonio Cuello Piraquibis	Colombian	1975	-
Eugene W. Baylor	American	1833	1918
Gaetano Amadeo	Italian	1824	1893
Julius Beck	German	1852	1920
Miron Levin	unknown	1879	1965
Leopoldo Miguez	Brazilian	1850	1902
Béla Kéler	German	1820	1882
Wincenty Kruziński	Polish	1840	1928
Winslow Lewis Hayden	unknown	1839	1886
Bernd Van Hulle	unknown	1832	1898
Edgar Barratt	British	1877	1928
Lucien Chevaillier	French	1883	1932
Waddington Cooke	British	1616	1672
Percy Eastman Fletcher	British	1879	1932
Albéric Magnard	French	1865	1914
Henry Blount	unknown	unknown	unknown
François Le Cocq	French	1685	1729
Oskar Merikanto	Finnish	1868	1924
Kees Schoonenbeek	Dutch	1947	unknown
Pierre Dandrieu	French	1664	1733
Giacomo Puccini	Italian	1858	1924
Constant Lambert	British	1905	1951
Franz Morten	American	1943	unknown
Tui St. George Tucker	American	1924	2004
Paolo Ugoletti	Italian	1956	-
Domenico Zipoli	Italian	1688	1726
Brian Stenger Poulsen	unknown	unknown	unknown
Charles Ancliffe	Irish	1880	1952
Boris Goltz	Russian	1913	1942
Andrea Turchetto	American	1972	-
Giuseppe Verdi	Italian	1813	1901
Carl Philipp Emanuel Bach	German	1714	1788
Francis Thomé	French	1850	1909
Wilhelm Posse	German	1852	1925
Joseph-Henri Altès	French	1826	1895
Stéphane Magnenat	unknown	unknown	unknown
Wilhelm Carl Ernst Seeboeck	Austrian	1859	1907
Andreas Johann Lorenz Oechsner	German	1815	1886
Moritz von Hessen-Kassel	German	1572	1632
C. L. Horn	British	1786	1849
François Joseph Dizi	French	1780	1840
Antonio Soler	Spanish	1729	1783
István Járay-Janetschek	unknown	1868	1945
Eugene Goossens	British	1893	1962
Julie Rivé-King	American	1854	1937
Heinrich Sutter	Swiss	1910	1995
Jules Egghard	Austrian	1834	1867
Jag A.	unknown	unknown	unknown
Eugène Ketterer	French	1831	1870
Luis Leandro Mariani	unknown	1864	1925
Stephan Elmas	Armenian	1862	1937
Arne Oldberg	American	1874	1962
Aleksandr Taneyev	Russian	1850	1918
Nannie Louise Wright	American	1879	1958
Maurice Jaubert	French	1900	1939
Benedictus Appenzeller	Belgian	1480	1550
Sergey Protopopov	Russian	1893	1954
Nikolay Rimsky-Korsakov	American	1844	1908
Mikhail Kalachevsky	Ukrainian	1851	1907
Gregor Krengel	Polish	1552	1587
Elias Parish-Alvars	British	1808	1849
Aleksandr Spendiarov	Armenian	1871	1928
Fernand Andrieu	French	1863	1935
Kōsaku Yamada	Japanese	1886	1965
Arthur Foote	American	1853	1937
Pedro Astort Ribas	Spanish	1873	1928
Johann Peter Theodor Nehrlich	German	1770	1816
Christine Snowdin	unknown	unknown	unknown
Pál Hermann	Hungarian	1902	1944
César Franck	Belgian	1822	1890
Franz von Suppé	Austrian	1819	1895
Edward Elgar	British	1857	1934
Alexander Kruchoski	American	unknown	unknown
Francis Poulenc	British	1899	1963
Anton de Kontski	Polish	1817	1899
Chris Smith	American	1879	1949
István Bartalus	Hungarian	1821	1899
Albert Grisar	Belgian	1808	1869
René Louis Blin	French	1884	1951
Raoul Koczalski	Polish	1884	1948
Josef Rudolf Lewy	German	1802	1881
Federico Maria Sardelli	Italian	1963	2015
Yury Shaporin	Russian	1887	1966
Mark Hambourg	Russian	1879	1960
Émile Bernard	French	1843	1902
Henry Lemoine	French	1786	1854
Felipe Pedrell	Spanish	1841	1922
André Caplet	French	1878	1925
Aleksandr Nemerovsky	Russian	1859	1915
Alonso Mudarra	Spanish	1510	1580
Colette Mourey	French	1954	-
Michael Praetorius	German	1571	1621
Antonín Kammel	Czech	1730	1780
Giuseppe Maria Jacchini	Italian	1667	1727
Léon Jessel	German	1871	1942
Eaton Faning	British	1850	1927
Maxime Alkan	French	1818	1891
Claudio Alsuyet	Argentine	1957	-
Valborg Aulin	Swedish	1860	1928
Charles d' Albert	British	1864	1932
Louis-François Dauprat	French	1781	1868
Jack Richard Hodkinson	unknown	unknown	unknown
Armand Arone	unknown	unknown	unknown
Carl Friedemann	German	1862	1952
Georges Auric	French	1899	1983
Gabriel Grovlez	French	1879	1944
Ana Leira Carnero	American	1973	-
Bjørn Breimo	Norwegian	1958	-
Claude-Bénigne Balbastre	French	1724	1799
Väinö Hannikainen	unknown	1900	1960
László Zimay	Hungarian	1833	1900
Wim Zwaag	Dutch	1960	-
Jón Leifs	Icelandic	1899	1968
Woldemar Bargiel	German	1828	1897
Albert Von Tilzer	American	1878	1956
John J. Becker	American	1886	1961
Joseph Arthur Mann	unknown	unknown	unknown
Gottfried August Homilius	German	1714	1785
Gabriel Pierné	French	1863	1937
Johanna Müller-Hermann	Austrian	1878	1941
Franz Poenitz	German	1850	1912
Franz Hitz	Swiss	1828	1891
Louis Strack	unknown	unknown	unknown
George W. Meyer	American	1884	1959
Martino Frontini	Italian	1827	1909
Fernando Mattos	Brazilian	1963	2018
Nikolay Sokolov	Russian	1859	1922
George Enescu	Romanian	1881	1939
Aurélio Cavalcanti	Brazilian	1874	1915
Emil Horneman	Danish	1840	1906
Eugène Lacroix	British	1858	1950
Paula Szalit	Polish	1887	1920
George Whitefield Chadwick	American	1854	1931
Anton Thoms	unknown	1825	1888
Johann Nepomuk Hummel	Austrian	1778	1837
Wilhelm Goldner	German	1839	1907
Vasili Villoing	Russian	1850	1922
Mario Tarenghi	Italian	1870	1938
Louis XIII King of France	British	1601	1643
Henri Rosellen	French	1811	1876
Carlos Troyer	American	1837	1920
Frank Idle	unknown	unknown	1944
Julien Piaser	American	1935	unknown
Zygmunt Noskowski	Polish	1846	1909
Blas Parera	Spanish	1777	1840
Edgar de Glimes	unknown	unknown	unknown
Frank Bridge	British	1879	1922
Josef Matthias Hauer	Austrian	1883	1959
Robert Stine	unknown	1951	-
Francesco Cilea	Italian	1866	1950
Ernst Eduard Taubert	German	1838	1934
Georges Hüe	French	1858	1948
Gustav Krenkel	unknown	1876	1940
Carl Tausig	Polish	1841	1871
Glenn Patrick E. Sarcilla	unknown	unknown	unknown
Louis A. Drumheller	unknown	unknown	unknown
Ken Hannaford	American	1953	-
Adolphe David	French	1842	1897
William Seymer	Swedish	1890	1964
Johannes Ockeghem	Belgian	1410	1497
Rafael Sales Arantes	Brazilian	1980	unknown
Orazio Vecchi	Italian	1550	1605
Gustave Cazalis	unknown	unknown	unknown
Leevi Madetoja	Finnish	1887	1947
Alexander von Dusch	German	1789	1876
Ramana Kumar	Indian	1988	-
Józef Wielhorski	Polish	1816	1892
Cuthbert Harris	British	1870	1932
Grace Linn Sandy	unknown	1897	1928
Harry Farjeon	British	1878	1948
Cristóbal de Morales	Spanish	1500	1553
Luca Spada	unknown	unknown	unknown
Víctor Carbajo	Spanish	1970	-
Adam Falckenhagen	German	1697	1754
Zeyar Shwe	unknown	unknown	unknown
Jadwiga Sarnecka	Russian	1877	1913
Arthur Hinton	British	1869	1941
Émile Nerini	unknown	1882	1967
William Heller Nicholls	unknown	1874	1939
August Högn	German	1878	1961
Georg Simon Löhlein	German	1725	1781
Charles Balmer	German	1817	1892
Pedro Albéniz	Spanish	1795	1855
Felice Anerio	Italian	1560	1614
Émile Forgues	French	1823	1876
Alfred Hollins	British	1865	1942
Rafael Joseffy	Hungarian	1852	1915
Antony Choudens	French	1849	1902
Trygve Torjussen	Norwegian	1853	1950
Theodore John Tourrier	unknown	1846	1929
Joseph Hanisch	German	1812	1892
Franz Joseph Fröhlich	German	1780	1862
Carl Bohm	German	1844	1920
Francesco D'Ambrosio	unknown	unknown	unknown
Georges Merkling	French	1879	1935
Edmond Audran	French	1840	1901
Daniel Gottlob Türk	German	1750	1813
Friedrich Silcher	German	1789	1860
Balthasar Resinarius	German	1483	1544
Daniel Gregory Mason	American	1873	1953
D. Remiehleki	unknown	unknown	unknown
Albert Werner	German	1935	unknown
André Messager	British	1853	1929
Lucien Lambert I	American	1828	1896
Fréderic Rysler	unknown	unknown	unknown
Vasily Nechayev	Russian	1895	1956
Bob Atwell	unknown	unknown	unknown
Giovanni Corsi	Italian	1822	1890
Lukas Florczak	unknown	1994	-
Florido Tomeoni	French	1755	1820
Semyon Aksyonov	Russian	1784	1853
Leo A. Kempinski	German	1891	1958
Egbert Van Alstyne	American	1878	1951
Hélène Collin	unknown	1864	1930
Howard Chamberlain	unknown	1877	1910
Gaël Liardon	Swiss	1973	2018
Otto Schulhof	Austrian	1889	1958
János Bihari	Hungarian	1764	1827
Noël Brusa	unknown	unknown	unknown
Georges Bizet	French	1838	1875
Patrice Reich	unknown	unknown	unknown
Antonio Cifra	Italian	1584	1629
Johann D'Alquen	German	1800	1863
Anna-Louise Egeberg	Norwegian	1843	1914
Oskar Nedbal	Czech	1874	1930
Jeanne Alombert	unknown	unknown	unknown
Ignace Gibsone	British	1826	1897
Mikhail Glinka	Russian	1804	1857
Frank Lynes	American	1858	1913
José Barranquero	unknown	unknown	unknown
Bernhard Romberg	German	1767	1841
James Hotchkiss Rogers	unknown	1857	1940
Oscar Comettant	French	1819	1898
Jean-Philippe Rameau	French	1683	1764
Pierre de La Rue	Belgian	1450	1518
Jules Demersseman	French	1833	1866
Aleksander Lesniczuk	Polish	1951	-
Rogelio Villar	Spanish	1875	1937
Alfredo Catalani	Italian	1854	1893
Alberto Nepomuceno	Brazilian	1864	1920
Robert Dowland	British	1590	1641
Edmond Membrée	French	1820	1882
František Alois Drdla	Czech	1868	1944
Jean-Amédée Lefroid de Méreaux	French	1802	1874
Wilhelm Amthor	unknown	unknown	unknown
Ernesto Lecuona	Cuban	1896	1963
Lupus Hellinck	French	1493 or 1494	1541
Mauro Schiavone	Italian	1975	-
Joseph Francis Lamb	American	1887	1960
Leonard Schultz	Austrian	1814	unknown
Attilio Brugnoli	Italian	1880	1937
Clément Doucet	Belgian	1895	1950
Charles de Marescot	unknown	unknown	unknown
Angelo Francis Pinto	unknown	unknown	unknown
Sebastian Knüpfer	German	1633	1676
Andrew Ahrécéy Moorkens	unknown	unknown	unknown
Jens Bodewalt Lampe	American	1869	1929
Edgar Stillman Kelley	American	1857	1944
Béla Bartók	Hungarian	1881	1945
Vissarion Shebalin	Russian	1902	1963
Arthur Hervey	French	1825	1892
Arnold Krug	German	1849	1904
José De Nito	Argentine	1887	1945
Michalis Christias	unknown	unknown	unknown
Walter Damrosch	American	1862	1911
Wilhelm Ganz	German	1833	1914
Cipriano Martínez Rücker	Spanish	1861	1924
John Moulds	unknown	unknown	unknown
Jesús Guridi	Spanish	1886	1961
Alexander Dreyschock	Czech	1818	1869
Mikhail Karpov	unknown	1884	1960
Fulvio Caldini	Italian	1959	-
Marguerite Casalonga	unknown	1865	1935
Hans Georg Nägeli	Swiss	1773	1836
Wilson Smith	unknown	1856	1929
Helmut Bräutigam	German	1914	1942
Reinhold Glière	Ukrainian	1875	1956
Torsten Petre	Swedish	1863	1928
Benjamin Carr	American	1768	1831
August Reuss	German	1871	1935
Peter Henri van der Weyde	unknown	unknown	unknown
Juan Pedro Esnaola	Argentine	1808	1878
Marie Madeleine Sophie Lacout-Widmer	unknown	unknown	unknown
Clémentine Padieu	unknown	unknown	unknown
Henry Holden Huss	American	1862	1953
Christoph Ernst Friedrich Weyse	Danish	1774	1842
Giles Farnaby	British	1560	1640
Louis Moreau Gottschalk	American	1829	1869
Mikhail Antsev	unknown	1865	1945
Gustave Samazeuilh	French	1877	1967
Albert Gottlieb Methfessel	German	1785	1869
Ermanno Wolf-Ferrari	Italian	1876	1948
Richard Barth	German	1850	1923
Ludwig Hartmann	German	1836	1910
Luigi Bassi	Italian	1833	1871
Brinley Richards	British	1817	1885
Jacob Fabricius	Danish	1840	1919
Kevin Pearson	Swedish	1993	-
Horatio Parker	American	1863	1919
Adrien Talexy	French	1820	1881
Joseph Ascher	Dutch	1829	1869
Edmund Parlow	unknown	1855	1944
Maciej Żołnowski	Polish	1977	-
Marcel Dupré	French	1886	1971
Sigismond Stojowski	Polish	1870	1946
Bernhard Lufer	unknown	unknown	unknown
John Manuel Pacheco	unknown	1982	-
Per Lasson	Norwegian	1859	1883
Sophia Maria Westenholz	German	1759	1838
Franz Asplmayr	Austrian	1728	1786
John Lemmoné	Australian	1861	1949
Katarzyna Brochocka	unknown	unknown	unknown
Jacques François Gallay	French	1795	1864
Charles Zeuner	American	1795	1857
Henry Maylath	Austrian	1827	1883
Carl Joseph Brambach	German	1833	1902
Daniel Speer	German	1636	1707
Edwina Seeligson	unknown	unknown	unknown
Francesco Massimi	Italian	1906	2004
Meliton George Soupelin	unknown	unknown	unknown
John Christopher Smith	British	1712	1795
Carl Véley	unknown	unknown	unknown
Ivan Shishov	Russian	1888	1947
Gaston Lemaire	unknown	1854	1928
Teresa Carreño	Venezuelan	1853	1917
Henriette-Caroline Mennechet de Barival	French	1815	1861
András Derecskei	unknown	1982	-
Sigfrid Karg-Elert	German	1877	1933
Maurice Baron	unknown	1889	1964
Joaquín Montero	Spanish	1740	1815
Aleksey Stanchinsky	Russian	1888	1914
Friedrich Zikoff	German	1824	1877
Ottavio Festa	Italian	1788	1854
Ottmar Dressler	unknown	1826	1914
George Muder	unknown	unknown	unknown
Gaston Sarreau	French	1850	1935
Marcelo Tupinambá	Brazilian	1889	1953
Wilfried Lingenberg	unknown	unknown	unknown
Ramon Aquabella	unknown	1854	1930
Émile Guimet	French	1836	1918
Erik Meyer-Helmund	German	1861	1932
John Valentine Eppel	unknown	1871	1931
Konstanty Paschalski	Polish	1859	1924
Charles William Glover	British	1806	1863
Anton Urspruch	German	1850	1907
Hjalmar Borgstrøm	Norwegian	1864	1925
Edouard Chavagnat	unknown	unknown	unknown
Robert Hampton	American	1890	1945
W. Herbert Lanyon	British	1862	unknown
Robert Schumann	German	1810	1856
Camille Schubert	French	1810	1889
Enrique Granados	Spanish	1867	1916
Joseph Schiffmacher	French	1827	1888
Jean-Baptiste Lully	French	1632	1687
August Heinrich von Weyrauch	German	1788	1865
Abram Kimmell	unknown	unknown	unknown
Arthur H. Bird	American	1856	1923
Maurice Emmanuel	French	1862	1938
Marcelle Soulage	French	1894	1970
Ernst Pauer	Austrian	1826	1905
Ludwig Sauer	German	1861	1940
Ernő Dohnányi	Hungarian	1877	1960
Johann Krieger	German	1651	1735
Michel Zurluth	unknown	unknown	unknown
Werner Wehrli	Swiss	1892	1944
Amy Woodforde-Finden	Chilean	1860	1919
Charles Hunter	American	1876	1906
Stanisław Moniuszko	Polish	1819	1872
Davud Vesnić	unknown	unknown	unknown
Lew Pollack	American	1895	1946
Franz Theodor Cursch-Bühren	German	1859	1908
Heinrich Warnke	German	1800	1833
Louis Tocaben	unknown	1865	1943
Franciszek Brzeziński	Polish	1867	1944
Emanuel Moór	Hungarian	1863	1931
Jan Antonin Losy	Bohemian	1650	1721
Françis Coye	American	1947	unknown
Friedrich Ludwig Aemilius Kunzen	German	1761	1817
Mykhaylo Verbytskyi	Polish	1815	1870
Julius Lenzberg	American	1878	1956
Paul de Maleingreau	Belgian	1887	1956
Martin Ludenhoff	Russian	1970	-
R. L. Seamon	Spanish	1974	-
Edmond Dédé	American	1827	1903
Johannes Haarklou	Norwegian	1847	1925
Joseph Kreutzer	German	1790	1840
Paul Marcou	Canadian	1989	-
Gerald Tyrwhitt	Indian	1767	1848
John Stainer	British	1840	1901
Aaron Copland	American	1900	1990
Jan Sára Dybicz	American	1998	-
Erika Bodom	Norwegian	1861	1942
Gustav H. Luebert	American	1883	1922
Atai Ogonbaev	unknown	1904	1949
Wilhelm Kalliwoda	German	1827	1893
Charles-Augustin Collin	French	1865	1938
Claude Debussy	French	1862	1918
Carl Gänschals	German	1847	1906
Denis G. Labrecque	unknown	1996	-
William Byrd	British	1543	1623
Albert Hermann Dietrich	German	1829	1908
Carl Wagner	unknown	unknown	unknown
Jean Cras	French	1879	1932
Adam Geibel	American	1855	1933
Antonius Johannes Bouman	unknown	1855	1906
Christian Teilman	Norwegian	1843	1909
Hans Riess	unknown	unknown	unknown
William Duncombe	British	1730	1810
Ernest Moret	unknown	unknown	unknown
Dick Koomans	unknown	unknown	unknown
Jean Eudes Masy	unknown	unknown	unknown
Marius Carman	unknown	1850	1911
Giulio Cesare Barbetta	Italian	1540	1603
D. Rubini	unknown	unknown	unknown
Tamás Beischer-Matyó	Hungarian	1972	-
Julius Emil Leonhard	German	1810	1883
Stanislas Verroust	French	1814	1863
Marion Bauer	American	1882	1955
Tillmann Strater	German	1870	1929
Florent Schmitt	French	1870	1958
Charles Kinkel	unknown	1832	1907
Cécile Chaminade	French	1857	1911
Johann Philipp Eisel	unknown	1698	1763
J. Alexander Silberberg	unknown	unknown	unknown
Filippo Capocci	Italian	1811	1898
Walter C. Stier	unknown	1868	1934
Edgardo Del Valle de Paz	Egyptian	1861	1920
Niels Johannes Legarth Iversen	unknown	1953	-
William Wallace Gilchrist	American	1846	1916
Edward Stefan Łodwigowski	Polish	1815	1895
Hans von Bülow	German	1830	1894
Karl Roeder	German	1860	1933
Juan Parga	unknown	1843	1899
Josef Bastl	unknown	1868	1932
Ernest Austin	British	1874	1947
Otto Bonnell	unknown	unknown	unknown
Christian Sinding	Norwegian	1856	1941
Emmanuel Chabrier	French	1841	1894
Roderich Bass	Czech	1873	1933
Henri Kowalski	French	1841	1916
Henry Cowell	American	1897	1965
Paul Corder	British	1879	1942
Stephen Hale Alonzo Marsh	British	1805	1888
Friedrich Wilhelm Marpurg	German	1718	1795
Sebastian Bensen Schlesinger	unknown	1837	1917
Emile Schwarzbach	unknown	unknown	unknown
Pierre-Octave Ferroud	French	1900	1936
Josef Suk	Bohemian	1874	1932
Felix Firmiana Wot	unknown	unknown	unknown
August Gottlob Fischer	German	1656	1746
Vasily Kalafati	Russian	1869	1942
Theodore Oesten	German	1813	1870
Franz Lauska	Czech	1764	1825
Wolfgang Amadeus Mozart	Austrian	1756	1791
Michael Luchtan	American	1977	-
Gottfried Heinrich Stölzel	German	1690	1749
Wilhelm Krüger	German	1820	1883
Adolf Ruthardt	German	1849	1934
Benjamin Ziegler	unknown	unknown	unknown
Frederic Nicholls Löhr	British	1871	1943
Joseph Alary	Italian	1814	1891
Michele Esposito	Italian	1855	1929
Henry-Noël Lepin	unknown	1700	1800
Eugène von Volborth	unknown	unknown	unknown
Nicholas Charles Bochsa	French	1789	1856
Florentio Maschera	Italian	1541	1584
Émile Tavan	French	1849	1929
Levon Chaushyan	Armenian	1946	2012
John Field	Irish	1782	1837
Jean Louis Nicodé	German	1853	1919
Maurice Besly	British	1888	1945
Aleksandr Krein	Russian	1883	1951
Ernest Kafka	unknown	unknown	unknown
Ludwig Siegfried Meinardus	German	1827	1896
Ferdinand Wagner	unknown	unknown	unknown
Edgar Tinel	Belgian	1854	1912
Stanisław de Kontski	unknown	unknown	unknown
Carl Nielsen	Danish	1865	1931
Martin Twycross	unknown	unknown	unknown
Tommaso Giordani	Irish	1730	1806
Ludwik Morelowski	German	1810	1834
Édouard Marie Ernest Deldevez	French	1817	1897
Lili Boulanger	French	1893	1918
J. Russel Robinson	American	1892	1963
Matthias Holst	Russian	1769	1845
Ignacio Massun	unknown	1948	unknown
Franciscus Bossinensis	Italian	1509	unknown
Hans Koessler	German	1853	1926
Mykola Vilinsky	Ukrainian	1888	1956
Matthias Tscharn	unknown	unknown	unknown
Chas. J. Newman	American	1967	-
Andrea Luchesi	Italian	1741	1801
Heinrich Henkel	German	1822	1899
Graham Peel	British	1877	1937
H. Bogé	unknown	1906	unknown
Willem de Fesch	Dutch	1687	1761
Gustaw Roguski	Polish	1839	1912
Ferdinand Praeger	British	1815	1891
Paul Hindemith	German	1895	1963
Irving Berlin	Russian	1888	1989
Claude Torrent	unknown	unknown	unknown
William H. Tyers	American	1876	1929
Pavel Schlözer	Russian	1840	1898
Giuseppe Concone	Italian	1801	1861
Luis Milán	Spanish	1500	1561
Zez Confrey	American	1895	1971
Felipe Villanueva	Mexican	1862	1893
Carl Gottlieb Hering	unknown	1766	1853
Vasily Kalinnikov	Russian	1866	1901
Charles Wakefield Cadman	American	1881	1946
Alphons Czibulka	Hungarian	1842	1894
Guillaume Lekeu	Belgian	1870	1894
Humphrey John Stewart	American	1856	1932
Toivo Kuula	Finnish	1883	1918
Alexander Fesca	German	1820	1849
Mathilde Kralik	Austrian	1857	1944
H. D. Ramenti	unknown	1863	1931
Jan Dismas Zelenka	Czech	1679	1745
Bohuslav Martinů	Czech	1890	1959
Max d' Ollone	French	1875	1959
Grigor Iliev	Bulgarian	1977	-
Alexander Sokolov	unknown	unknown	unknown
Theodor Döhler	German	1814	1856
Eastwood Lane	American	1879	1951
Henry Bollman	unknown	unknown	unknown
Otto Stoll	Swiss	1849	1922
Alexander von Glaesz	unknown	1848	1904
Robin Schreiber	unknown	unknown	unknown
Constantin von Sternberg	Russian	1852	1924
Roman Turovsky-Savchuk	American	1961	2011
Peter Pinoy	unknown	unknown	unknown
Bruno Huhn	British	1871	1950
Arthur Nevin	American	1871	1943
Bruno Vlahek	Croatian	1986	-
Henri Collet	French	1885	1951
Armas Maasalo	Finnish	1885	1960
Louis Bonnel	unknown	unknown	unknown
Kohei Kondo	Japanese	1965	-
Paul Peuerl	German	1570	1625
Sean Franklin Brown	unknown	unknown	unknown
Émile Mathieu	Belgian	1844	1932
Joaquín Larregla	Spanish	1865	1945
E. K. Nye	unknown	unknown	unknown
Alois Götz	unknown	unknown	unknown
Geoffrey Turton Shaw	British	1879	1943
Jonathan Jackson	unknown	unknown	unknown
Charles Neustedt	unknown	1838	1908
Volfgangs Dārziņš	Latvian	1906	1962
Jules Domerc	unknown	unknown	unknown
Samuel Scheidt	German	1587	1654
Sydney Baynes	British	1879	1938
João Cândido Dovicchi	unknown	unknown	unknown
Juventino Rosas	Mexican	1868	1894
August Bungert	German	1845	1915
Jorge Calleja	Mexican	1971	-
Stephan Beneking	unknown	unknown	unknown
Alfonso Broqua	Uruguayan	1876	1946
Charles Gilbert Spross	American	1874	1961
Georg von Petersenn	German	1849	1930
Julius Eichberg	American	1824	1893
Anton Arensky	Russian	1861	1906
Adolf Huber	German	1872	1946
C. S. DeLano	unknown	unknown	unknown
Massimo Di Gesu	Italian	1970	2018
Charles Hallé	German	1819	1895
Gustav Jenner	German	1865	1920
Teo Vincent IV	unknown	unknown	unknown
Vasily Sapelnikov	Russian	1867	1941
Sergey Yuferov	Russian	unknown	unknown
George Grothe	unknown	1822	1876
Jean Schwartz	American	1878	1956
Henri Logé	French	1854	1912
Albert Clément	unknown	1875	1911
Carlos Salzedo	French	1885	1961
Herbert Arthur Wheeldon	unknown	1864	1923
Van Veachton Rogers	unknown	unknown	1933
Prince of Prussia Louis Ferdinand	German	1772	1806
E. Clérambault	unknown	unknown	unknown
Helena Lopuska	unknown	1887	1920
Jules Cohen	unknown	unknown	unknown
George Alexander Osborne	Irish	1806	1893
Shiqi Geng	unknown	unknown	unknown
Robert Nathaniel Dett	Canadian	1882	1943
Louis James Alfred Lefébure-Wély	French	1817	1869
Arthur Lourié	American	1892	1966
Josef Drahlovský	Czech	1847	1926
Luka Demarin	unknown	unknown	unknown
Virgilio Ranzato	Italian	1883	1937
Ernest Bucalossi	Italian	1859	1933
Paul Fischer-Weber	German	1868	1938
Eugène Nollet	unknown	1828	1904
Harry Brooks Day	unknown	unknown	unknown
Xaver Carlier	unknown	1862	1894
Arcady Dubensky	unknown	unknown	unknown
Joseph Schuster	German	1748	1812
William J. Kirkpatrick	American	1838	1921
Bruce Steane	British	1866	1938
Boleslav Grodzky	unknown	1865	1923
Thomas Tomkins	British	1572	1656
Rohan Joshi	Belgian	1450	1521
José Saliby	unknown	unknown	unknown
Johann Wenzel Kalliwoda	Czech	1801	1866
Xavier Shuang Xu	unknown	1988	unknown
Andrew Emery Curtis Schartmann	unknown	1984	unknown
Alexandre Croisez	French	1814	1886
Karl Hess	unknown	unknown	unknown
Ernest Zoeller	unknown	1869	1904
Joseph Hallman	American	1979	-
Osmán Pérez Freire	Chilean	1880	1930
Victor Ewald	Russian	1860	1935
Hermann Schröder	unknown	1843	1909
Andreas Streicher	German	1761	1833
Michał Bergson	Polish	1820	1898
Charles René	unknown	unknown	unknown
Mel Bonis	French	1858	1937
Ernő Lányi	Hungarian	1861	1923
Vincenzo Manfredini	Italian	1737	1799
Louis Maas	unknown	unknown	unknown
Georg Joseph Vogler	German	1749	1814
George Hendrik Witte	Dutch	1843	1929
Wesley Octavius Forsyth	Canadian	1859	1937
Joseph O'Kelly	French	1828	1885
Heino Kaski	Finnish	1885	1957
Joseph Barnby	British	1838	1896
Jane Röckel	German	1833	1907
Egon Kornauth	Austrian	1891	1959
Samuel Lover	Irish	1797	1868
Charles-Valentin Alkan	French	1813	1888
Johann Wilhelm Wilms	German	1772	1847
Gustav Frieman	unknown	1842	1902
Valentino Donella	unknown	unknown	unknown
Wenzel Ludwig	Czech	1746	1820
Anton Eberl	Austrian	1765	1807
Harry J. Lincoln	American	1878	1937
Ulrich Nehls	unknown	unknown	unknown
Raoul Pugno	French	1852	1914
Napoléon Coste	French	1805	1883
Evan R. Murphy	unknown	unknown	unknown
Otto Klauwell	German	1851	1917
Rodrigo Vitta	Brazilian	1971	-
Giovanni Battista Candotti	Italian	1809	1876
Hans-Jürgen Karolak	unknown	unknown	unknown
Henry Déonna	unknown	unknown	unknown
Salomon Jadassohn	German	1831	1902
Jan Willem Menkveld	unknown	1964	unknown
Tarquinio Merula	Italian	1590	1665
Riccardo Pick-Mangiagalli	Italian	1882	1949
Arthur Carreras	unknown	1870	1890
Gabriel Garbet	unknown	1841	1905
Maurice Gracey	unknown	unknown	unknown
Sabrina Pena Young	unknown	unknown	unknown
Christian Wanner	unknown	unknown	unknown
James Bellak	Austrian	1814	1891
Cesario Gussago	Italian	1579	1612
Joachim Kaczkowski	Polish	1789	1829
Alexander Campbell Mackenzie	British	1847	1935
Alfred Quidant	French	1815	1893
Ottorino Respighi	Italian	1879	1936
Effie F. Kamman	unknown	1868	1933
Peter Bjuhr	unknown	unknown	unknown
John Knowles Paine	American	1839	1906
Giulio Ricordi	Italian	1840	1912
Charlotte Sohy	French	1887	1955
Eric Nguyen	unknown	unknown	unknown
Ferdinando Carulli	Italian	1770	1841
Philippe Bellenot	French	1860	1928
Joseph Hollman	Dutch	1852	1927
Mathilde Marchesi	German	1821	1913
Robert Fischhof	Austrian	1857	1918
Shin-Itchiro Yokoyama	unknown	unknown	unknown
Julián Arcas	Spanish	1832	1882
Carlos Garcia Tolsa	unknown	unknown	unknown
Santiago de Masarnau	Spanish	1805	1882
Hans Bronsart von Schellendorff	German	1830	1913
Alexandre Édouard Goria	French	1823	1860
Georges Lamothe	unknown	unknown	unknown
Leo Ornstein	unknown	unknown	unknown
Vladimir Kryukov	Russian	1902	1960
Jean-Marc Bouillet	unknown	unknown	unknown
Francesco Chirichella	unknown	unknown	unknown
Charles-Marie Widor	French	1844	1937
William Smith Rockstro	British	1823	1895
Bruno Henrique Peres	unknown	unknown	unknown
Heinrich Schulz-Beuthen	German	1838	1915
Felipe Espino	unknown	unknown	unknown
Julius Schulhoff	Austrian	1825	1898
Leonard Butler	unknown	unknown	unknown
Gizik Lifram	unknown	unknown	unknown
Georgy Konyus	Russian	1862	1933
George Lem Trombley	unknown	unknown	unknown
Hyacinthe Jadin	French	1776	1800
Aleksandr Tcherepnin	Russian	1899	1977
Grenville Dean Wilson	American	1833	1897
Johan Henrik Lorentz	unknown	1763	1818
Christoph Bach	unknown	unknown	unknown
Vincenzo Galilei	Italian	1520	1591
Gustav Lange	German	1830	1889
Luise Adolpha Le Beau	German	1850	1927
Bruno Wandelt	unknown	1856	1933
Paolo Pandolfo	Italian	1964	-
Johannes Brahms	British	1833	1897
Guillermo Quevedo Zornoza	unknown	unknown	unknown
Max Oesten	unknown	1843	1917
Alfonso Rendano	Italian	1853	1931
William H. Sherwood	American	1854	1911
Hans Seeling	unknown	1828	1862
Georgy Bazilevsky	unknown	unknown	unknown
Wilhelm Gottlieb Becker	German	1753	1813
Georges Jean Pfeiffer	French	1835	1908
Ray Lemond	British	1956	-
Henry Charles Litolff	British	1818	1891
Katharine E. Lucke	American	1875	1962
William Conrad Polla	German	1876	1939
John Stepan Zamecnik	American	1872	1953
Friedrich Wilhelm Rust	German	1739	1796
Leopold Langer	Russian	1802	1885
Louis Dumas	French	1877	1952
Franz Xaver Schnyder von Wartensee	Swiss	1786	1868
Manuel de Falla	Spanish	1876	1946
Alexander Efimoff	Russian	1991	-
Adolphe Fischer	Belgian	1850	1891
Ivan Sakavicius	unknown	unknown	unknown
Cécile Gauthiez	French	1873	1935
Richard Kügele	unknown	1850	1926
Clara Greenwood	British	1844	1931
Henry Purcell	British	1659	1695
Vincent Adler	Hungarian	1826	1871
David Price	British	1969	-
Frank D. B. Byng	unknown	1867	1939
Désirée Manns	unknown	1998	-
Ernst Köhler	Italian	1849	1907
Heinrich Hofmann	German	1842	1902
Monsieur de La Pierre	unknown	1612	1689
Karl Weigl	Austrian	1881	1949
Harvey B. Gaul	American	1881	1945
Julio Salvador Sagreras	Argentine	1879	1942
Roland Riese	unknown	unknown	unknown
Felix Arndt	Spanish	1889	1918
Martín Lazare	French	1829	1897
Luis Antonio Calvo	Colombian	1884	1945
Alexandre Rey Colaço	Portuguese	1854	1928
Emile Waldteufel	French	1837	1915
Henry W. De Camors	unknown	unknown	unknown
Joaquín Malats	Spanish	1872	1912
Georges Marty	French	1860	1908
Emil von Sauer	German	1862	1942
Robert G. Patterson	American	1970	-
Salvador Torre	Mexican	1956	-
Artie Matthews	American	1888	1958
Or Vaitzman	unknown	2006	-
Domenico Bellando	Italian	1868	1922
Giovanni Battista Casali	Italian	1715	1792
Karl Kock	unknown	1866	1892
Charles K. Herbert	British	1916	1938
Federico Vollmer	Venezuelan	1834	1901
Homer Newton Bartlett	American	1864	1956
Hermann Wenzel	German	1863	1944
John Sylvanus Thompson	American	1889	1963
Felix Swinstead	British	1880	1959
Anacleto de Medeiros	Brazilian	1866	1907
Duane Crabb	American	1890	1953
Johan Peter Emilius Hartmann	Danish	1805	1900
Pietro Pettoletti	Italian	1790	1870
Hans Engelmann	American	1872	1914
Adolphe Botte	Spanish	1823	1896
Herbert Collum	German	1914	1982
Mauro Giuliani	Italian	1781	1829
Auguste Guéroult	unknown	unknown	unknown
Gustav Lewin	German	1869	1938
Marc Blitzstein	American	1905	1964
Karl Friedrich Hering	German	1766	1853
Paul Blumenthal	American	1843	1930
Ivan Padovec	Croatian	1800	1873
Mortimer Wilson	American	1876	1932
Gaspar Sanz	Spanish	1640	1710
Antoine Scard	unknown	unknown	unknown
Félix Fourdrain	French	1880	1923
Friedrich Gernsheim	German	1839	1916
Victor Herbert	American	1859	1924
Bernhard Sekles	German	1872	1934
Emil Liebling	American	1851	1914
Aleksandr Lizogub	Ukrainian	1790	1839
Hilda Romer Murphy	unknown	unknown	unknown
Germaine Labole	unknown	1896	1940
Arthur Honegger	French	1892	1955
Michele Carafa	Italian	1787	1872
Harald Fryklöf	Swedish	1882	1919
Paul Charles Pratt	Canadian	1894	1967
Nikolay Shcherbachyov	Russian	1853	1922
František Xaver Dušek	German	1731	1799
Rémy Clavers	unknown	unknown	unknown
Ange-Marie Auzende	French	1850	1940
Karol Rathaus	German	1895	1954
Sebastián Díaz Peña	Venezuelan	1844	1926
Nicolás Ruiz Espadero	Cuban	1832	1890
József Bloch	Hungarian	1917	2009
Glauco Velásquez	Italian	1884	1914
Moshe Knoll	American	unknown	unknown
Albert Küssner	American	1861	1930
Enrico Toselli	Italian	1883	1926
Albert John Weidt	unknown	1866	1945
Franz Berwald	Swedish	1796	1868
Anthony Ferner	unknown	unknown	unknown
José Comellas	Cuban	1842	1888
Akiana Molina	Filipino	1894	1980
Lucas Trevizan	unknown	unknown	unknown
Conrad Ansorge	German	1862	1930
Aidan Lamb	unknown	unknown	unknown
Joseph Achron	American	1886	1943
Sidney Jones	British	1861	1946
Bernhard Schmid I	German	1567	1625
Sergey Taneyev	Russian	1856	1915
Daniel Eichleitner	unknown	unknown	unknown
Ignaz Seyfried	Austrian	1776	1841
Irene Varley	unknown	unknown	unknown
Anthony Verbalis	American	1945	unknown
Antonio Lotti	Italian	1667	1740
Horace Mansion	unknown	unknown	unknown
Niccolò Paganini	Italian	1782	1840
Hermann Grädener	German	1844	1929
Ludwig Thuille	Austrian	1861	1907
Jane Pickering	British	unknown	unknown
Józef Hofmann	Polish	1876	1957
Zsolt Keresztury-Albert	unknown	unknown	unknown
Johann Adolph Hasse	Italian	1699	1783
Ignacio Cervantes	Cuban	1847	1905
Mehran Badakhshan	unknown	1994	-
Alexandre Luigini	French	1850	1906
Johann Nepomuk Kafka	Bohemian	1819	1886
Georgy Rimsky-Korsakov	Russian	1965	2019
Ferruccio Busoni	Italian	1866	1924
Emil Sjögren	Swedish	1853	1918
Robert-Guillaume Casadesus	French	1878	1940
George L. Cobb	American	1886	1942
Daniel Steibelt	German	1765	1823
Michael Maybrick	British	1841	1913
Walter William Stockhoff	American	1876	1968
Ignaz Brüll	Austrian	1846	1906
British	British	1793	1876
Antoni Rutkowski	Polish	1859	1886
Albert Becker	German	1834	1899
Arseny Gladkovsky	Russian	1894	1945
Edward Lawrence Hime	unknown	unknown	unknown
Federico Guzmán Frías	Chilean	1836	1885
Georges Bull	French	1827	1903
Friedrich Seitz	German	1848	1918
Giovanni Pacini	Italian	1796	1867
Luís de Freitas Branco	Portuguese	1890	1955
Charles Drumheller	unknown	unknown	unknown
William Faulkes	British	1863	1933
Franz Liszt	Hungarian	1811	1886
Joaquín Turina	Spanish	1882	1949
Friedrich Heinrich Himmel	German	1765	1814
Emile Selmer	unknown	unknown	unknown
Klaus Jung	unknown	unknown	unknown
Hubert Ferdinand Kufferath	German	1818	1896
François Borne	French	1840	1920
Louis Vuillemin	French	1879	1929
Auguste Delacroix	unknown	unknown	unknown
Francesco Corteccia	Italian	1502	1571
Antonio Jimenez Manjón	Spanish	1866	1919
Alfredo Barili	Italian	1854	1935
Angelo Bovio	Italian	1824	1909
Pietro Andrea Dentella	unknown	1879	1964
Leo Sowerby	American	1895	1968
Richard Sahla	German	1855	1931
Isaac Albéniz	Spanish	1860	1909
Herbert Hughes	Irish	1882	1937
Jacob Rosenhain	German	1813	1894
Nodar Gabunia	Dutch	1933	2000
Gustaf Hägg	Swedish	1867	1925
C. Wöhrmann	unknown	unknown	unknown
Dietrich Buxtehude	Danish	1630	1707
Félicien David	French	1810	1876
Emil Ascher	German	1859	1922
Giselle Galos	French	1840	1924
Charles Kreith	unknown	1746	1803
Victor Dolmetsch	unknown	unknown	unknown
Jakob Blied	German	1844	1884
Matteo Falloni	unknown	1969	unknown
Woldemar Loukine	unknown	unknown	unknown
Arthur de Greef	Belgian	1862	1940
Henri-Joseph Taskin	French	1779	1852
Louis Versel	unknown	unknown	unknown
Dmitry Ponomareff	unknown	1973	unknown
John Spencer Camp	American	1858	1946
Hermann Frederic Lohr	British	1871	1943
Alberich Zwyssig	Swiss	1808	1854
French Folk Songs	French	unknown	unknown
Nicolas Dalayrac	French	1753	1809
Nathaniel Basa	unknown	unknown	unknown
Heinrich Stiehl	German	1829	1886
Will Marion Cook	American	1869	1944
Cauê Muratt	unknown	unknown	unknown
Jean Reuchsel	unknown	unknown	unknown
Émile Sauret	French	1852	1920
Harry Tierney	American	1890	1965
Valentine Hemery	unknown	unknown	unknown
Martial Caillebotte	French	1853	1910
Lyle K. Neff	American	1959	unknown
Floyd J. St. Clair	American	1871	1942
José Antonio de Donostia	Spanish	1886	1956
Emil Bohnke	German	1888	1928
Jan Konopka	unknown	unknown	unknown
Georg Liebling	German	1865	1946
Christoph Rheineck	German	1748	1797
Joseph Schillinger	Ukrainian	1895	1943
Richard Kleinmichel	Polish	1846	1901
Basile Barès	French	1845	1902
Ludomir Różycki	Polish	1883	1953
Louis Gregh	French	1843	1915
Andrey Pracht	unknown	unknown	unknown
Jason L. Pachman	unknown	unknown	unknown
Melchior Franck	German	1570	1639
Marijn Hartkamp	unknown	unknown	unknown
Carlo Calvi	unknown	unknown	unknown
Ethelbert Nevin	American	1862	1901
William Dressler	British	1826	1914
Gabriel Dupont	French	1878	1914
Ture Rangström	Swedish	1884	1947
Rentarō Taki	Japanese	1879	1903
Nikolay Medtner	Russian	1880	1951
Philippe-Jacques Meyer	French	1737	1819
Albert Lavignac	French	1846	1916
Robert Fuchs	Austrian	1847	1927
Julian Raoul Besset	unknown	1939	unknown
Joseph Rudolph Schachner	German	1816	1896
Marc Roger Normand	unknown	1663	1734
Ellen Schwindt	unknown	unknown	unknown
Eugen Haile	American	1873	1933
Étienne Arnaud	French	1879	1955
Alois Dvořaček	unknown	unknown	unknown
Francesco Paolo Frontini	Italian	1860	1939
Leopold Timmer	Austrian	1758	1820
E. B. Spencer	unknown	unknown	unknown
Friedrich Kühmstedt	German	1809	1858
Francesco Calegari	Italian	unknown	1742
Mischa Levitzki	Russian	1898	1941
Howard Hanson	American	1896	1981
Ida Kleber	unknown	unknown	unknown
Amilcare Zanella	Italian	1873	1949
Vítězslava Kaprálová	Czech	1915	1940
Cyrill Kistler	German	1848	1907
Frederick Delius	British	1862	1934
Werner J.E. De Bleser	unknown	1959	-
Agathe Backer-Grøndahl	Norwegian	1847	1907
Johann Wilhelm Hässler	German	1747	1822
Henry Kleber	unknown	unknown	unknown
Ricardo Oyanarte	unknown	unknown	unknown
Charlotte Bauer	unknown	unknown	unknown
Julius Urban	unknown	1825	1879
Johann August Wilhelm Todt	German	1833	1900
Jacques Bosch	Spanish	1826	1895
Hans Huber	Swiss	1852	1921
Yury Kochurov	Russian	1907	1952
John Blitheman	British	1525	1591
Félix Le Couppey	French	1811	1887
Emma Louise Ashford	American	1850	1930
Rob Peters	unknown	1969	-
Friedrich Michel	German	1902	1973
Paul Bernard	French	1827	1879
Vincenzo Billi	Italian	1869	1938
Hubert Bauersachs	American	1882	1964
Keenan Reimer-Watts	unknown	1992	-
Hazel Gertrude Kinscella	American	1893	1960
Antoni Anson	unknown	unknown	unknown
Nikoghayos Tigranian	Armenian	1856	1951
J. Harold Henry	unknown	1885	1920
Heinrich Marschner	German	1795	1861
Florian Oborski	Polish	1839	1892
Jacob Adolf Hägg	Swedish	1850	1928
Leo Fall	Austrian	1873	1925
Wilhelm Lege	unknown	1841	1893
Walter Gieseking	French	1895	1956
Frédéric Binet	unknown	1862	1918
Axel von Kothen	Finnish	1871	1927
Theodore Latour	French	1766	1837
Nikos Skalkottas	Greek	1904	1949
Gabriel Baille	French	1832	1909
Heinrich Pfeil	German	1835	1899
Aloÿs Claussmann	French	1850	1926
Arthur Coquard	French	1846	1910
Nicolas Dezède	French	1740	1792
Henry Ketten	unknown	1848	1883
Anton Reicha	French	1770	1836
Joe Jordan	American	1882	1971
François Couperin	French	1668	1733
Charles Dancla	French	1817	1907
Charles John Grey	British	1849	1923
Eugen von Sayn-Wittgenstein	unknown	unknown	unknown
J. Charles Hess	French	1816	1900
Alfred Tofft	Danish	1865	1931
Adam Skoumal	unknown	unknown	unknown
Eduardo Souto	Portuguese	1882	1934
Émile Paladilhe	French	1844	1926
Clarence Lucas	Canadian	1866	1947
Ferdinand Beyer	German	1803	1863
Joseph Gould	American	1833	1913
Julius Röntgen	German	1855	1932
August Nölck	German	1862	1928
Dorothy Albery	unknown	1900	1980
Édouard Lalo	French	1823	1892
Gaetano Braga	Italian	1829	1907
Martin Frewer	unknown	1960	unknown
Ignaz Friedman	Australian	1882	1948
Robert Leonard	unknown	unknown	unknown
Ernst Wilhelm Wolf	German	1735	1792
Frederic Field Bullard	American	1864	1904
Boris Pasternak	Russian	1890	1960
Jean Boumard	unknown	unknown	unknown
Louis Campbell-Tipton	American	1877	1921
Euphemia Allen	British	1861	1948
Karl Wilhelm Kern	American	1874	1945
Halfdan Kjerulf	Norwegian	1815	1868
Henri Büsser	French	1872	1973
Otto Grosse	Austrian	1877	1920
Floyd Willis	British	1885	1959
Julius Lorenz	unknown	unknown	unknown
Henryk Pachulski	Polish	1859	1921
Albert Dupuis	Belgian	1877	1967
Luka Marohnić	unknown	1982	-
Joseph Nicholas Fried	unknown	1950	-
Alphonse Maurice	unknown	1856	1905
Dmitry Melkikh	Russian	1885	1943
Jan van Boom	Swedish	1807	1872
Marshall Fine	unknown	1956	2014
Henry Du Mont	Belgian	1610	1684
Sergey Lyapunov	Russian	1859	1924
Aleksandr Borodin	Russian	1833	1887
Anton Rée	Danish	1820	1886
Lennart Lundberg	Swedish	1863	1931
Adolphe Blanc	French	1828	1885
Friedrich Kiel	German	1821	1885
Giulio Segni	Italian	1498	1561
Joseph Schad	French	1812	1879
Pietro Yon	Italian	1886	1943
Albert Gumble	American	1883	1946
Sigismund Neukomm	Austrian	1778	1858
Ernest Harry Adams	American	1886	1959
Felix Mendelssohn	German	1809	1847
Sergey Aksakov	Russian	1891	1968
Jules Walter	unknown	unknown	unknown
Joseph Deszczyński	Polish	1781	1844
Antonio Sacchini	Italian	1730	1786
Fyodor Gedike	unknown	unknown	unknown
Jan Brandts Buys	Austrian	1868	1933
Edmond Duval	unknown	1809	1873
Julius von Kolb	unknown	1831	1864
Oley Speaks	American	1874	1948
Tomás Damas	Spanish	1825	1890
Luigi Barbieri	Italian	unknown	unknown
George Arthur Barker	British	1812	1876
Franklin Morris Class	American	1920	2018
Arthur Garnier	French	1755	1825
Karel Knittl	Czech	1853	1907
Sophie Lucile Larmande-Des Argus	French	1820	1835
Anton Rubinstein	Russian	1829	1894
Johann Strauss Sr.	Austrian	1804	1849
Ludolf Nielsen	Danish	1876	1939
Ernst Toch	Austrian	1887	1964
George William Warren	unknown	unknown	unknown
Christian Cappelen	unknown	1845	1916
Adolph Nathan	unknown	unknown	unknown
Yasuzumi Tokubi	unknown	unknown	unknown
Wilhelm Kuhe	unknown	unknown	unknown
Benjamin S. Beckman	unknown	unknown	unknown
Richard Barthélemy	Italian	1869	1912
Alfred Grünfeld	Austrian	1852	1906
Dmitry Blagoy	unknown	1930	1986
Léo Delibes	French	1836	1891
Oscar Lorenzo Fernández	Brazilian	1897	1948
Egidio Franzot	unknown	unknown	unknown
Anselmo González del Valle	unknown	unknown	unknown
Iosif Ivanovici	Romanian	1845	1902
Knut Håkanson	unknown	unknown	unknown
Jaime Enrique Kardontchik	unknown	unknown	unknown
Henri Ghys	unknown	unknown	unknown
Fumio Hayasaka	Japanese	1914	1955
Joseph Kromolicki	unknown	1882	1961
Arthur Somervell	British	1863	1937
Friedrich Burgmüller	German	1806	1874
Peter Dyson	unknown	unknown	unknown
Alfred Margis	unknown	1874	1913
Stephen Jackman	unknown	unknown	unknown
Józef Wieniawski	Polish	1837	1912
Óscar de la Cinna	unknown	unknown	unknown
Wendelin Bitzan	unknown	unknown	unknown
Jakub Kowalewski	unknown	unknown	unknown
Grigor Arakelian	unknown	unknown	unknown
Guillaume de Machaut	French	1300	1377
August Eberhard Müller	German	1767	1817
Felix Weingartner	Austrian	1863	1942
Boyton Smith	unknown	unknown	unknown
Fyodor Könemann	Russian	1873	1937
Johann Heinrich Luft	unknown	unknown	unknown
Irénée Bergé	French	1867	1926
Charles Koechlin	French	1867	1950
Cornelius Gurlitt	German	1820	1901
John Alden Carpenter	American	1876	1951
Leon P. Braun	unknown	unknown	unknown
Mark Alburger	American	1957	2010
Alfred Lebeau	unknown	unknown	unknown
A. Warvaky	unknown	unknown	unknown
Max Pauer	unknown	1866	1945
Frederick Septimus Kelly	Australian	1881	1908
W. M. Rice	unknown	unknown	unknown
Matheus André Reichert	unknown	unknown	unknown
Etilmon Justus Stark	unknown	1867	1962
Sylvius Leopold Weiss	Austrian	1687	1750
Elfrida Andrée	Swedish	1841	1929
Emil Wiegand	unknown	unknown	unknown
Otto Zweig	unknown	1874	1942
Karl Andreas Stein	unknown	unknown	unknown
Henryk Melcer-Szczawiński	Polish	1869	1928
Isidor Philipp	French	1160	1236
Jean Roger-Ducasse	French	1873	1954
Vassili Barvinski	Ukrainian	1888	1963
César Cui	unknown	unknown	unknown
Auguste Durand	French	1830	1909
Gabriel Verdalle	unknown	unknown	unknown
Enea Gardana	unknown	1843	1901
Mildred Hill	American	1859	1916
Felice Boghen	unknown	unknown	unknown
Camillo Sivori	Italian	1815	1894
Vinzenz Lachner	American	1811	1893
Albert Sowinski	unknown	1805	1880
Léon-Hermann-René Moonen	unknown	unknown	unknown
Heinrich von Herzogenberg	Austrian	1843	1900
Wilhelm Friedemann Bach	German	1710	1784
Johann Franz Xaver Sterkel	German	1750	1817
August Harder	unknown	1775	1813
Jesse J. Hamilton	unknown	unknown	unknown
Leonid Nikolayev	Russian	1878	1942
Heinrich Carl Breidenstein	unknown	1796	1876
Aleksandr Griboyedov	Russian	1795	1829
August Friedrich Reiser	unknown	unknown	unknown
Marco Facoli	Italian	unknown	unknown
D.J. Marcolesco	unknown	unknown	unknown
Joseph Rummel	unknown	unknown	unknown
Louis-Claude Daquin	French	1694	1772
York Bowen	British	1884	1961
Wladislaw Leszczewski	unknown	unknown	unknown
Alessandro Longo	Italian	1864	1945
Robert Bremner	British	1713	1789
Charles Coote	unknown	unknown	unknown
Gottlob Harrer	unknown	1703	1755
Mathieu Chartier	unknown	unknown	unknown
Géza Horváth	unknown	1868	1925
Shoryu Itazu	unknown	unknown	unknown
Clara Kathleen Rogers	American	1844	1931
Frederick Arthur Williams	American	1869	1942
Louis Raffy	unknown	1868	1931
Frédéric Boscovitz	unknown	unknown	unknown
Matias Ekert	unknown	unknown	unknown
C. V. Hayden	unknown	unknown	unknown
Simone Stella	unknown	unknown	unknown
Milton Ager	American	1893	1979
Blas María de Colomer	unknown	1833	1917
Bernard van Dieren	British	1887	1936
Jens-Ole Malmgren	Danish	unknown	unknown
Shuwen Zhang	unknown	unknown	unknown
Michael Aaron	unknown	unknown	unknown
Arthur Fickenscher	American	1871	1954
Vasily Zolotarev	Russian	1872	1964
Muzio Clementi	Italian	1752	1832
Albert Landry	unknown	unknown	unknown
Margaret Ruthven Lang	American	1867	1972
Heinrich Neal	German	1870	1940
Pedro Miguel Quijano	unknown	unknown	unknown
Illarion Kozlov	unknown	unknown	unknown
Felix Körling	unknown	unknown	unknown
João Domingos Bomtempo	Portuguese	1775	1842
John Herbert Major	unknown	unknown	unknown
Jason Chen	unknown	unknown	unknown
Clyde Thomas Rollins	unknown	unknown	unknown
Max Laurischkus	unknown	unknown	unknown
Ludovic de Vaux	unknown	unknown	unknown
Henri Nuyens	unknown	unknown	unknown
Georgy Dulov	unknown	1875	1940
Bernhard Wolff	unknown	unknown	unknown
Jan Blockx	Belgian	1851	1912
Carl Kämmerer	unknown	unknown	unknown
Charles Voss	unknown	1815	1882
José Vianna da Motta	Portuguese	1868	1948
Moriz Rosenthal	Polish	1862	1946
H.C. Frommel	unknown	unknown	unknown
Achilles Alferaki	unknown	unknown	unknown
Amanda Kennedy	unknown	unknown	unknown
Ernest Bloch	American	1880	1959
Albert Périlhou	French	1846	1936
Martin Pierre Dalvimare	unknown	unknown	unknown
Félix Godefroid	Belgian	1818	1897
Eduardo Fabini	unknown	1882	1950
Oscar Franz	unknown	unknown	unknown
Johannes Vincenet	unknown	unknown	unknown
Ernest Richard Kroeger	American	1862	1934
Noble Wickham Kreider	unknown	unknown	unknown
Zoltán Kodály	Hungarian	1882	1945
Inga Lærum-Liebich	unknown	unknown	unknown
Tadeusz Joteyko	unknown	1872	1932
Frédéric Brisson	unknown	unknown	unknown
Theodor Kirchner	German	1823	1903
Clara B. Stackhouse	unknown	unknown	unknown
Kiyosul Tamai	unknown	unknown	unknown
Mary Wurm	British	1860	1938
Johann Baptist Vanhal	unknown	1739	1813
Fridolin Braungardt	unknown	unknown	unknown
René de Boisdeffre	French	1838	1906
Oscar Fetrás	German	1854	1931
Easthope Martin	British	1882	1925
Jelly Roll Morton	American	1890	1941
Eyvind Alnæs	Norwegian	1872	1932
Egon Wellesz	Austrian	1885	1974
Henry Lodge	American	1885	1933
Friedrich Joseph Kirmair	unknown	1770	1814
Albert Parlow	German	1824	1888
George Botsford	American	1874	1949
Salvador Martínez García	Spanish	1962	-
Vincenzo dal Pozzo	Italian	1585	1612
F. E. Vanderbeck	unknown	unknown	unknown
Gyula Beliczay	Hungarian	1835	1893
Ali Riza Saral	unknown	1960	-
Aleksey Zhilin	Russian	1766	1848
Octave Fouque	unknown	1844	1883
James L. King	unknown	unknown	unknown
Richard Hofmann	German	1844	1918
Johann Baptist Henneberg	Austrian	1768	1822
Thomas Dyke Acland Tellefsen	Norwegian	1823	1874
Aleksey Kartsev	Russian	1883	1953
Igor Stravinsky	Russian	1882	1971
Wilhelm Heintze	Swedish	1849	1895
George Frideric Handel	British	1685	1759
Alfred Patusset	French	1853	1924
Henri Bertini	French	1798	1876
Alexandre Charles Fessy	French	1804	1856
Victor Alphonse Duvernoy	French	1842	1907
Oskar Kolberg	Polish	1814	1890
E. H. Frey	American	unknown	unknown
Aloys Schmitt	German	1788	1866
Aleksandr Shenshin	Russian	1890	1944
Johann Friedrich Hugo von Dalberg	German	1760	1812
Julio Ituarte	Mexican	1845	1905
Arnold Mendelssohn	German	1855	1933
Edewede Oriwoh	Nigerian	unknown	unknown
Adele Lewing	German	1868	1943
Stephen W. Beatty	unknown	1938	-
Jean Henri Ravina	French	1818	1906
Jacques Charlot	unknown	unknown	unknown
John Kinross	unknown	unknown	unknown
Carl Mikuli	Ukrainian	1821	1897
Joseph Siegmund Bachmann	German	1754	1825
Thomas Weelkes	British	1576	1623
Daniel Dugenne	unknown	unknown	unknown
Mieczysław Dukszta	unknown	unknown	unknown
José María Echeverría	Spanish	1855	1946
Vincent d' Indy	French	1851	1931
Antonio Rotta	Italian	1495	1549
Alphonse Hasselmans	French	1845	1912
Pierre François Clodomir	French	1815	1884
Adele aus der Ohe	German	1861	1937
Ruth Crawford Seeger	American	1901	1953
William Mason	American	1829	1908
Robert Henriques	Danish	1858	1914
Benjamin Igielman	unknown	unknown	unknown
Hugo Daffner	German	1882	1936
Franz Schmidt	Austrian	1874	1939
Amilcare Ponchielli	Italian	1834	1886
Joseph Canteloube	French	1879	1957
Józef Elsner	Polish	1769	1854
William Baines	British	1899	1922
Maarten Smit	Dutch	1959	-
Hermann Spielter	American	1860	1925
Langton Williams	unknown	1832	1896
André Coedès-Mongin	unknown	1871	1954
Alfred Harry Harding	unknown	1855	1930
Victorin de Joncières	French	1839	1903
Nicholas Locke	unknown	unknown	unknown
Henry Carey	British	1687	1743
Carl Reinecke	German	1824	1910
Yulian Scriabin	Russian	1908	1919
Camille Chevillard	French	1859	1923
Renard L'Eonale	unknown	unknown	unknown
Hermann Berens	German	1826	1880
Henrique Alves de Mesquita	Brazilian	1830	1906
Victor Staub	French	1872	1953
Shaofan Qi	Chinese	1988	-
Leander Schlegel	Dutch	1844	1913
Benjamin Robertson Harney	American	1872	1938
Jean-Baptiste Faure	French	1830	1914
Paul Jäkel	unknown	unknown	unknown
Charles Piroye	French	1668	1730
William C. Stahl	American	1869	1940
George Aitken	British	1882	unknown
Gustav Flügel	German	1812	1900
Philip Ernst	unknown	1792	1868
Arnold Schoenberg	Austrian	1874	1951
Charles Dupee Blake	American	1847	1903
Domenico Sodero	unknown	unknown	unknown
Kazimierz Henisz	unknown	unknown	unknown
Giampietro Tonoli	unknown	unknown	unknown
Gastone Bernheimer	unknown	1880	1939
Edouard Mathé	unknown	1863	1936
Aleksandr Chesnokov	French	1877	1944
Alba Rosa Viëtor	Italian	1889	1979
William O. Bateman	American	1860	1947
Frederic Knight Logan	American	1871	1928
Richard Stöhr	Austrian	1874	1967
Oskar von Riesemann	unknown	1880	1934
Edward Taylor Paull	American	1858	1924
Renaud de Vilbac	French	1829	1884
Mario Macchi	unknown	unknown	unknown
Joseph W. Turner	British	1775	1851
Alfred Holý	Portuguese	1866	1948
Joseph Chen Buchheit	unknown	unknown	unknown
Francisco Guerrero	Spanish	1528	1599
Adolf Barjansky	Russian	1851	1900
Laurence Hibbard Montague	unknown	unknown	unknown
James Hook	British	1746	1827
Marc Delmas	French	1885	1931
Alex Barrow	unknown	unknown	unknown
Carl Schuberth	German	1806	1850
Francesco Soriano	Italian	1549	1621
Robert Morrison Stults	American	1861	1933
Louis Théodore Gouvy	French	1819	1898
Jacques Boyvin	French	1640	1706
Miguel Santiago Arévalo	American	1843	1900
Sergey Prokofiev	Russian	1891	1953
Lucrecia Roces Kasilag	Filipino	1917	2008
Pietro Paolo Bencini	Italian	1675	1755
Max Bruch	German	1838	1920
F. Péru	Peruvian	1918	2019
Gor Hovhannisyan	Armenian	1975	-
Durand De Grau	unknown	unknown	unknown
Johann Abraham Sixt	German	1757	1797
Edmund Schuëcker	Austrian	1860	1911
William Smallwood	unknown	1831	1897
Fernando Sor	Spanish	1778	1839
Jan Pieterszoon Sweelinck	Dutch	1562	1621
José Miguel Moreno Sabio	Spanish	1955	-
Georges Bachmann	French	1848	1894
Niels Gade	Danish	1817	1890
Liza Lehmann	British	1862	1918
Joachim Pettoletti	Italian	1792	1870
Harold Dennis Shores III	unknown	unknown	unknown
Percy Elliott	unknown	unknown	unknown
Ruggiero Leoncavallo	Italian	1857	1919
Dmytro Bortniansky	Russian	1751	1825
Ivan Khandoshkin	Russian	1747	1804
Franz Simon Molitor	German	1766	1848
Charles Arthur Rawlings	British	1858	1919
Franz Xaver Chwatal	Bohemian	1808	1879
Giovanni Francesco Anerio	Italian	1567	1630
Salvador Marmolejo	unknown	unknown	unknown
Friedrich Nietzsche	German	1844	1900
Theodor Leschetizky	Polish	1830	1915
Justin Bru	French	1831	1870
Rosendo Mendizábal	Argentine	1868	1913
Luigi Boccherini	Italian	1743	1805
Hinrich Philip Johnsen	Swedish	1717	1779
Jeff Manookian	American	1953	-
Alan Gray	British	1855	1935
Francesco Spinacino	Italian	1485	unknown
Konrad Max Kunz	German	1812	1875
Jules Cazenaud	unknown	unknown	unknown
Johann Kaspar Mertz	Austrian	1806	1856
Richard Krentzlin	German	1864	1956
Holger Stief	unknown	unknown	unknown
Erik Satie	French	1866	1925
Ramiro Schiavoni	Uruguayan	unknown	unknown
Felipe Slimobich	unknown	unknown	unknown
Michał Kleofas Ogiński	Polish	1765	1833
Christoph Lahme	unknown	unknown	unknown
Friedrich Baumfelder	German	1836	1916
Max Meyer-Olbersleben	German	1850	1927
Joseph Victor Marie Ryelandt	Belgian	1870	1965
George Howard Clutsam	Australian	1866	1951
Michel Rondeau	Canadian	1948	-
Néstor Guestrin	unknown	unknown	unknown
Felix Petyrek	Austrian	1892	1951
Federico Mompou	Spanish	1893	1987
Will Held	unknown	unknown	unknown
Coloman Chován	Hungarian	1852	1928
August Wilhelmj	German	1845	1908
Mehmet K. Okonsar	Turkish	1961	-
William Appo	American	1808	1871
Paul Graener	German	1872	1944
Bernhard Klein	German	1793	1832
Michael Jelski	Belarusian	1831	1904
James Hewitt	American	1770	1827
Leokadiya Kashperova	Russian	1872	1940
Uuno Klami	Finnish	1900	1961
Alexander Robert Nicholson-Ward	unknown	unknown	unknown
Charles Collin	British	1874	1923
Matteo Unetti	unknown	unknown	unknown
Ernesto Drangosch	Argentine	1882	1925
Gustav Friedrich Kogel	Russian	1849	1921
Sid Brown	unknown	unknown	unknown
Hermann Goetz	German	1840	1876
Dinu Lipatti	Romanian	1917	1950
Louis-Emmanuel Jadin	French	1768	1853
Auguste Descarries	Canadian	1896	1958
Roy Vanegas	unknown	unknown	unknown
Carl Friedrich Hartung	unknown	unknown	unknown
Peter Cavallo	German	1819	1892
Charles Malinowski	unknown	unknown	unknown
Alexander Carlisle White	unknown	unknown	unknown
Jean-Baptiste Arban	French	1825	1889
Hamish MacCunn	British	1868	1916
Johann Schop	German	1590	1667
René Esclavy	unknown	unknown	1927
Fred O. Oehler	unknown	unknown	unknown
Karol Kurpiński	Polish	1785	1857
Boris Shekhter	Russian	1900	1961
Grant Groberg	unknown	unknown	unknown
Franz Danzi	German	1763	1826
Edward Smith Hall	unknown	unknown	unknown
Richard Eilenberg	German	1848	1927
Ignaz Pleyel	Austrian	1757	1831
Lodewijk Mortelmans	Belgian	1868	1952
Christian Heinrich Rinck	German	1770	1846
Robert de Visée	French	1650	1725
Billy Joseph Mayerl	British	1902	1959
Borghild Holmsen	Norwegian	1865	1938
Richard Oscar Burdick	American	1961	-
Emile Enthoven	Dutch	1903	1950
Allan Macbeth	British	1819	1897
Farid Zehar	French	1973	-
Adolf von Henselt	German	1814	1889
Joachim Raff	German	1822	1882
William ten Have	Dutch	1831	1924
Carlos Seixas	Portuguese	1704	1742
Ella Brier	Australian	1880	1970
Napoleon Rutkowski	unknown	1868	1931
Konstantin Joachim Gaul	unknown	unknown	unknown
Louis Spohr	German	1784	1859
Johann Mattheson	German	1681	1764
Georges Delbruck	unknown	1883	1913
George Jervis Rubini	French	unknown	unknown
Jacob Kunkel	unknown	unknown	unknown
Boris Sabaneyev	Russian	1881	1968
Charles James Dorn	unknown	1839	1909
Antoine François Marmontel	French	1816	1898
Carlo Pedini	Italian	1956	-
Brasílio Itiberê	Brazilian	1846	1913
Josef Richter	Bohemian	1880	1933
Charles Lefebvre	French	1843	1917
G. W. Marks	unknown	unknown	unknown
Guy Miaille	French	1930	-
Luigi Rago	Italian	1987	-
Eustache Du Caurroy	French	1549	1609
Alfred Fieldhouse	unknown	unknown	unknown
Toshi Nagata	Japanese	1964	-
Theodor Kullak	German	1818	1882
Joshua Branstetter	unknown	unknown	unknown
Chiquinha Gonzaga	Brazilian	1847	1935
Herrmann Scholtz	Polish	1845	1918
Percival Garratt	British	1877	1953
Désiré Émile Inghelbrecht	French	1880	1965
Ole Olsen	Norwegian	1850	1927
Claudio Martinez Imbert	Spanish	1845	1919
Harrison Joseph Steudlein	unknown	unknown	unknown
Heinrich Götze	German	1836	1906
Basil Harwood	British	1859	1949
HanS Karlsen	unknown	unknown	unknown
Friedrich Wilhelm Kalkbrenner	German	1785	1849
Werner Erich Josten	German	1885	1963
Petrini Henri	Italian	1775	1800
Girolamo Frescobaldi	Italian	1583	1643
Samuel Tudor Strang	American	1856	1921
Guy Ropartz	French	1864	1955
Adaline Shepherd	American	1883	1950
Erzherzog Rudolph	Austrian	1788	1831
Rudolf Willmers	German	1821	1878
Charles Henry Purday	British	1799	1885
F.H. Snow	unknown	unknown	unknown
Geraldine Dobyns	American	1882	1956
Robert Kahn	German	1865	1951
Ernesto Medina Elorduy	Mexican	1855	1913
Alexander von Fielitz	German	1860	1930
Louis-Albert Bourgault-Ducoudray	French	1840	1910
Jean de Castro	Belgian	1540	1611
John H. Lee	American	1847	1890
Jules Arnoud	French	1847	1890
Shigeru Kan-no	Japanese	1959	-
Khayyam Mirzazade	Azerbaijani	1935	2018
François Viger	unknown	1708	1784
Renaud Déjardin	unknown	unknown	unknown
Henri Herz	French	1803	1888
Alan Belkin	Canadian	1951	-
Ildebrando Pizzetti	Italian	1880	1968
F. J. de Boeck	Belgian	1865	1937
Tivadar Szántó	Hungarian	1877	1934
Émile Belloc	British	1870	1953
Davide C. Marney	unknown	unknown	unknown
Paul Gilson	Belgian	1865	1942
Maurice Verheul	Dutch	unknown	unknown
Maria Lluïsa Ponsa	Spanish	1878	1919
Franz Salmhofer	Austrian	1900	1975
Gustav Blessner	unknown	1808	1888
Stefaniya Zaranek	Russian	1904	1972
Marie Jaëll	French	1846	1925
Ernest Alder	unknown	1853	1904
Juliusz Wertheim	Polish	1880	1928
Emanuele Delucchi	Italian	1987	-
Matthias Weckmann	German	1616	1674
Nils Larsen	Norwegian	1888	1937
Maria Agata Szymanowska	Polish	1789	1831
Louis Gruenberg	American	1884	1964
Arthur Sullivan	British	1842	1900
Carl Maria von Weber	German	1786	1826
Tiburtio Massaino	Italian	1550	1608
Shī Hamamura	unknown	unknown	unknown
Antonio La Greca	Italian	1631	1668
T. Silveira	unknown	unknown	unknown
Hippolyte François Rabaud	French	1839	1900
Otto Kotilainen	Finnish	1868	1936
Eduard Schütt	Russian	1856	1933
Cheng-Shiun Li	unknown	unknown	unknown
Issay Dobrowen	Norwegian	1891	1953
Alessandro Liberati	Italian	1847	1927
Eric De Lamarter	American	1880	1953
Robert Rønnes	Norwegian	1959	-
William Charles Levey	British	1837	1894
Sergei Bortkiewicz	Russian	1877	1952
Karl Flodin	Finnish	1858	1925
Ilmari Hannikainen	Finnish	1892	1955
Frederick Rosse	British	1867	1940
Charles Bénet	unknown	unknown	unknown
Preston Ware Orem	American	1865	1938
Cyril Scott	British	1879	1970
Louis H. Meyer	German	1905	1988
Hector Salomon	French	1838	1906
Antonín Dvořák	Czech	1841	1904
Alban Berg	Austrian	1885	1935
Léo d' Autezac	unknown	unknown	unknown
Hilda Sehested	Danish	1858	1936
Václav Jan Tomášek	Austrian	1774	1850
Otto Keller	German	1875	1931
Louis Lacombe	French	1818	1884
Ennio Porrino	Italian	1910	1959
Tad Fischer	unknown	unknown	unknown
Tooske Hinloopen	unknown	unknown	unknown
Andy Costello	American	unknown	unknown
Jan Nepomucen Bobrowicz	Polish	1805	1881
Friedrich Peters	American	1746	1813
Andrew Violette	American	1953	-
Robert Ballard II	French	1527	1588
Francesco da Milano	Italian	1497	1543
Mario Quiroz Alcántara	unknown	unknown	unknown
Walter Charles Schad	American	1889	1966
Alessandro Giannotti	Italian	1968	-
Ferdinand Ries	German	1784	1838
Jan Ladislav Dussek	Czech	1760	1812
Vasily Prisovsky	Ukrainian	1861	1917
Ramin Kuliev	unknown	unknown	unknown
Giovanni Martinenghi	unknown	unknown	unknown
Edwin F. Kendall	American	1870	1920
Jacques-Louis Battmann	French	1818	1886
Albin Fries	Austrian	1955	-
Walter Niemann	German	1876	1953
Joseph Edouard Barat	French	1882	1963
Ferdinand David	German	1810	1873
Aitor Merino Martínez	Spanish	1995	-
Paolo A. Rismondo	Italian	unknown	unknown
Camillo Morena	unknown	1867	1940
Andrea Antonello Nacci	unknown	unknown	unknown
Théophile Stern	Russian	1803	1886
Jules Rivière	French	1819	1900
Lucien Mawet	Belgian	1875	1947
Otto Olsson	Swedish	1879	1964
Robert Walter Jacobs	unknown	unknown	unknown
Er Nie	Chinese	1912	1935
Mikalojus Konstantinas Čiurlionis	Lithuanian	1875	1911
Ludwig Grosz	unknown	unknown	unknown
Ludwig van Beethoven	German	1770	1827
François Hünten	German	1792	1878
Emil Kronke	Polish	1865	1938
Árpád Doppler	Austrian	1857	1927
Ignaz Spergher	unknown	1734	1808
Scott Joplin	American	1868	1917
Kaikhosru Shapurji Sorabji	British	1892	1988
Swan Hennessy	American	1866	1929
Francesco Paolo Tosti	Italian	1846	1916
Halina Krzyżanowska	Polish	1860	1937
Horacio Fernández	Mexican	unknown	unknown
Franz Burgmüller	German	1806	1874
David Unger	Swedish	1982	-
Gabriel J. Ackerman	unknown	unknown	unknown
Franz Paul Lachner	German	1803	1890
Stanisław Lipski	Polish	1880	1937
Ondřej Zavadil	unknown	unknown	unknown
Jacques Ibert	French	1890	1962
Andrea Gabrieli	Italian	1530	1585
Bernhard Dessau	German	1861	1923
Scotson Clark	British	1840	1883
Vladimir Rebikov	Russian	1866	1920
Théodore Lécureux	French	1829	1891
Louis Vierne	French	1870	1937
Manuel Seco de Arpe	Spanish	1958	-
Valentin Haussmann	German	1565	1614
Vicente Costa Nogueras	Spanish	1852	1919
Vítězslav Novák	Czech	1870	1949
Paul Dedieu-Péters	French	1889	1947
Ivor Gurney	British	1890	1937
Orlando Gibbons	British	1583	1625
Franz von Blon	German	1861	1945
Louise Farrenc	French	1804	1875
Carl Evers	German	1819	1875
Franz Strauss	German	1822	1905
Joseph Mazzinghi	British	1765	1844
Thomas Wright	American	1904	1943
Nicolas Joseph Hüllmandel	French	1756	1823
Arvid Kleven	Norwegian	1899	1929
Georg Carl Bohlmann	Danish	1838	1920
Jacques Offenbach	French	1819	1880
Nathan Shirley	unknown	1981	-
Anton Strelezki	British	1859	1907
Clarence Dickinson	American	1873	1969
Józef Damse	Russian	1789	1852
Charles Lindgreen	American	unknown	unknown
Maurice Ravel	French	1875	1937
Margaret Hoberg	unknown	unknown	unknown
Eduardo Ocón	Spanish	1833	1901
Anatoly Lyadov	Russian	1855	1914
Elise Wiel	unknown	1866	1926
Henri d' Aubel	French	1830	1899
Ludwig Göring	unknown	1823	1898
Edward Jakobowski	British	1856	1929
Carl Borromäus von Miltitz	German	1781	1845
Johann Friedrich Schwencke	German	1767	1822
Hector Roderick MacLean	British	1851	1935
Marcello Severo	unknown	unknown	unknown
William Blezard	British	1921	2003
Frederick Brandeis	unknown	1835	1899
Leo Torrance	unknown	unknown	unknown
James McGranahan	American	1840	1907
P. W. Newton	unknown	1868	unknown
Georges Tourneur	unknown	unknown	unknown
Berthold Tours	British	1838	1897
Alfred Bachelet	French	1864	1944
Dirk Schäfer	Dutch	1873	1931
Lloyd G. Del Castillo	unknown	1992	-
Ludwig Dill	German	1812	1887
Joachim von der Hofe	Dutch	1567	1620
Camille Saint-Saëns	French	1835	1921
Giovanni Pierluigi da Palestrina	Italian	1525	1594
Nicolas Chamié	unknown	unknown	unknown
Pauline Thys	French	1836	1909
Paul Tietjens	American	1877	1943
Norbert Burgmüller	German	1810	1836
John Hill Hewitt	American	1801	1890
Antonio Alba	Spanish	1873	1940
Francis Panormo	unknown	1764	1844
Reinhold Wilhelm Kühnel	Czech	1859	1922
Leopold Godowsky	American	1870	1938
Fernande Beauvois	unknown	unknown	unknown
Édouard Wolff	Polish	1816	1880
Zdeněk Fibich	Czech	1850	1900
Simon Gintzler	German	1505	1568
Fartein Valen	Norwegian	1887	1952
Frederick William Hird	unknown	unknown	unknown
Michio Aramaki	unknown	1965	unknown
Manuel Blasco de Nebra	Spanish	1750	1784
M. Aledo	unknown	unknown	unknown
Léon Kreutzer	French	1817	1868
María Malibrán	Spanish	1808	1836
Ralph Breitenbach	unknown	unknown	unknown
Henry Kimball Hadley	American	1871	1937
Gert Haussner	Austrian	1963	-
Adolf Jensen	German	1837	1879
Ernest Reyer	French	1823	1909
Emmanuel Rhené-Baton	French	1879	1940
Auguste Vincent	French	1829	1888
Eugène Gigout	French	1844	1925
Philipp Jakob Riotte	German	1776	1856
Juan Cabanilles	Spanish	1644	1712
Josep Gallés	Spanish	1758	1836
William Dance	British	1755	1840
Tiziano Bedetti	Italian	1976	-
Franciszek Lessel	Polish	1780	1838
Eduard Mertke	German	1833	1895
Eric Coates	British	1886	1957
Juliusz Zarębski	Polish	1854	1885
Oskar Böhme	German	1870	1938
Rudolf Friml	Czech	1879	1972
Konstantin Krystallis	unknown	unknown	unknown
Ralph Vaughan Williams	British	1872	1958
Jeremiah Clarke	British	1674	1707
Jaroslav Ježek	Czech	1906	1942
Anatoly Drozdov	Russian	1883	1950
Eduard Strauss	Austrian	1835	1916
Jean Baptiste Singelée	Belgian	1812	1875
Edward Joseph Collins	American	1886	1951
Stephane Ansons	unknown	unknown	unknown
Czech Folk Songs	Czech	unknown	unknown
Konrad Friedrich Noetel	German	1903	1947
Lev Gurilyov	Russian	1770	1844
Sydney Smith	British	1839	1889
Giuseppe Buonamici	Italian	1846	1914
Oscar J. Lehrer	unknown	1871	1941
Michał Zawadzki	Russian	1828	1887
Albert William Ketèlbey	British	1875	1959
Wilhelm Popp	German	1828	1903
Edmund Neupert	Norwegian	1842	1888
Robert Coningsby Clarke	British	1879	1934
Émile Wesly	Dutch	1887	1926
Nurtan Alan Esmen	unknown	unknown	unknown
Cesare Galeotti	Italian	1872	1929
Constantin Decker	German	1810	1878
Xavier Leroux	French	1863	1919
Juan Bautista Massa	Argentine	1885	1938
Pyotr Tchaikovsky	Russian	1840	1893
Charles Villiers Stanford	British	1852	1924
Georg Niemann	unknown	1841	1912
Louis-Désiré Besozzi	French	1814	1879
Sophie Menter	German	1846	1918
Joaquim Callado	Brazilian	1848	1880
Friedrich Grützmacher	German	1832	1903
Carl Busch	American	1862	1943
Aleš Friedl	unknown	unknown	unknown
Frank Hoyt Losey	American	1870	1931
Genary Korganov	Russian	1858	1890
Arthur Bergh	American	1882	1962
Raffaele Billema	Italian	1820	1874
Bert Lee Fulton	American	1885	1935
Dora Pejačević	Croatian	1885	1923
Giovanni Rinaldi	Italian	1840	1895
Luigi Maurizio Tedeschi	Italian	1867	1944
Léon Delafosse	French	1874	1955
Edgar A. Brazelton	unknown	1865	1922
Joseph Ghys	Belgian	1801	1848
Tyler John Boyle	unknown	unknown	unknown
Gustave Meyer	Bohemian	1860	1911
Dario Argentesi	unknown	1985	-
Bernardo Pasquini	Italian	1637	1710
Nikolai Titov	Russian	1800	1875
Julián Andino	unknown	1854	1926
Emil Nebling	unknown	unknown	unknown
José Pablo Moncayo	Mexican	1912	1958
Adhemar Decq	French	1850	1925
Baldassare Galuppi	Italian	1706	1785
Gottfried Kirchhoff	German	1685	1746
Archy Rosenthal	unknown	1874	1947
Józef Koffler	Polish	1896	1944
Hermann L. Schreiner	unknown	unknown	unknown
Wilhelm Taubert	German	1811	1891
Paul Pabst	Russian	1854	1897
Dimitar Nenov	Bulgarian	1901	1953
Orlande de Lassus	Belgian	1532	1594
Shota Saitoh	unknown	unknown	unknown
Paul Burnell	British	1960	-
John Hullah	British	1812	1884
Aleksandr Winkler	Russian	1865	1935
Giuseppe Moschetti	unknown	1908	1963
Paul Butler	unknown	unknown	unknown
Mykola Lysenko	Ukrainian	1842	1912
Karl Kunze	unknown	1839	1911
Marco De Boni	unknown	unknown	unknown
Alfredo Casella	Italian	1883	1947
Arthur Farwell	American	1872	1952
Gary Bachlund	unknown	unknown	unknown
Klimenty Kortchmariov	unknown	1899	1958
Paul Lacombe	French	1837	1927
Mikhail Ippolitov-Ivanov	Russian	1859	1935
Leó Weiner	Hungarian	1885	1960
Julián Laguna	Spanish	1988	-
Augusta Mary Anne Holmès	French	1847	1903
Sigurd Lie	Norwegian	1871	1904
Walter Macfarren	British	1826	1905
Heinrich Lichner	German	1829	1898
Aleksander Zarzycki	Polish	1834	1895
Albert Lindahl	unknown	1853	1865
Robert Bannister	unknown	unknown	unknown
Gaetano Donizetti	Italian	1797	1848
Francesco Morlacchi	Italian	1784	1841
Abe Holzmann	American	1874	1939
Christian Kalkbrenner	German	1755	1806
Ernst Heuser	German	1863	1942
Teresita Tagliapietra-Carreño	Venezuelan	1853	1917
Victor Hollaender	Polish	1866	1940
Ivan Kryzhanovsky	Ukrainian	1867	1924
Walter Braunfels	German	1882	1954
Fanny Hensel	German	1805	1847
Juan Morel Campos	American	1857	1896
Vladimir Shcherbachyov	Russian	1889	1952
Raphaël Martenot	French	1962	-
Miguel Bernal Jiménez	Mexican	1910	1956
Oscar Roels	Belgian	1864	1939
Manuel Ponce	Mexican	1882	1948
Howard Talbot	British	1865	1928
Charles Godfrey	unknown	1866	1935
Hubert Ries	German	1802	1886
Karl Heinrich Graun	German	1704	1759
Samuel James Berkahn	unknown	1999	-
Alfred Paulsen	Norwegian	1849	1936
Pietro Labriola	Italian	1820	1900
Paul Wranitzky	Austrian	1756	1808
Abel Decaux	French	1869	1943
Leonid Knina	Russian	1842	1911
Loyset Compère	French	1445	1518
Eduard Nápravník	Czech	1839	1916
Cecil Kappey	Canadian	1895	unknown
Alessandro Scarlatti	Italian	1660	1725
Shubo Wang	Chinese	unknown	unknown
Ilia Lushpa	unknown	unknown	unknown
Fernand Halphen	French	1872	1917
Carl Kiefert	British	1855	1937
Jules Jordan	American	1850	1927
Johannes Palaschko	German	1877	1932
Richard St. Clair	American	1946	2010
Joseph Gelinek	Czech	1758	1825
Joseph Lanner	Austrian	1801	1843
Jun Yamamoto	Japanese	1957	-
Paul Dukas	French	1865	1935
Julius Bleichmann	Russian	1868	1909
Aleksandr Grechaninov	Russian	1864	1956
Markus Seidler	unknown	unknown	unknown
Josip Slavenski	Croatian	1896	1955
Johann Nicolaus Krebs	German	1713	1780
Julius Handrock	German	1830	1894
Jean Becker	German	1833	1884
Zequinha Abreu	Brazilian	1880	1935
Ernst Simon	unknown	unknown	unknown
Stephen Heller	Hungarian	1813	1888
Robert A. Newland	unknown	unknown	unknown
Thomas Crecquillon	Belgian	1500	1557
Louise Chouquet	unknown	unknown	unknown
Andreas Nolda	German	1969	-
Johannes Martini	French	1440	1490
William Yeates Hurlstone	British	1876	1906
Xaver Scharwenka	German	1850	1924
Taras Yachshenko	Ukrainian	1964	2017
Jakob Paix	German	1556	1623
George Gershwin	American	1898	1937
Louis Gobbaerts	Belgian	1835	1886
Joseph White	French	1836	1918
Franz Abt	German	1819	1885
Giovanni Sgambati	Italian	1841	1911
Germain Chevallier	unknown	unknown	unknown
Vladimir Alexandrovich Ziring	unknown	unknown	unknown
Aleksandr Ilyinsky	Russian	1859	1920
Franz von Holstein	German	1826	1878
Agustín Barrios Mangoré	Paraguayan	1885	1944
David del Castillo	unknown	unknown	unknown
Ruoshi Sun	American	unknown	unknown
Hedwige Chrétien	French	1859	1944
Ludwig Schunke	German	1810	1834
Vivian Fine	American	1913	2000
Aleksandr Kopylov	Russian	1854	1911
Joseph Haydn	Austrian	1732	1809
Peter Ritzen	Belgian	1956	2019
Ricardo Matosinhos	Portuguese	1982	-
Emil Frey	Swiss	1889	1946
Hayden Roberts	unknown	2004	-
Waldemar Ebbessen Sommerfelt	Norwegian	1885	1919
Henryk Szopowicz	unknown	1814	1884
Leopold Rietz	unknown	unknown	unknown
Fritz Heinrich Klein	Austrian	1892	1977
João Teixeira Guimarães	Brazilian	1883	1947
Heinrich Schwartz	German	1861	1924
Vjekoslav Rosenberg-Ružić	Croatian	1870	1954
Adolf Reichel	Swiss	1816	1896
Władysław Lubomirski	Polish	1866	1934
Justin Clérice	French	1863	1908
Hans Bill	German	1957	-
Minna Brinkmann	unknown	unknown	unknown
Adrien Bérou	unknown	1824	1907
Donald Francis Tovey	British	1875	1940
Leopold Welleba	unknown	1878	1953
Charles Grobe	unknown	1817	1879
David Toub	American	1961	-
Wilhelm Peterson-Berger	Swedish	1867	1942
Kiyoshi Nobutoki	Japanese	1887	1965
Charles Wels	American	1825	1906
Joseph Bazin	French	1816	1878
Léon Boëllmann	French	1862	1897
August de Boeck	Belgian	1865	1937
Giovanni D'Andrea	Italian	1532	1585
Georg Eggeling	unknown	1866	1923
Constantin Bürgel	Polish	1837	1909
Frank Frysinger	unknown	unknown	unknown
Claude Goudimel	French	1514	1572
Ignace Xavier Joseph Leybach	French	1817	1891
Emanuel de Beaupuis	unknown	1860	1913
Louis Zeise	unknown	unknown	unknown
Yevgeny Gunst	Russian	1877	1950
Granville Bantock	British	1868	1946
Stefan Zink	unknown	1978	-
Karol Szymanowski	Polish	1882	1937
Georg Wichtl	Polish	1805	1877
Armand Gouzien	unknown	1839	1892
Antoine Mariotte	French	1875	1944
Riccardo Zandonai	Italian	1883	1944
Desiré Magnus	Belgian	1828	1883
José Viñas	Spanish	1823	1888
Andrea Antico	Italian	1480	1530
Luigi Pozzi	unknown	unknown	unknown
Albert Locke Norris	unknown	unknown	unknown
Nikolay Rubinstein	Russian	1835	1881
Angel Viro	unknown	unknown	unknown
Fredrik Klint	Swedish	1811	1894
Adam Gumpelzhaimer	German	1559	1625
Wilhelm Stenhammar	Swedish	1871	1927
Jorge Luis Valverde	Ecuadorean	unknown	unknown
Robert Davidson	Australian	1965	-
Ignacy Krzyżanowski	Polish	1826	1905
Leonhard Emil Bach	Polish	1849	1902
A. S. Sweet	unknown	unknown	unknown
Antoine Brumel	French	1460	1512
Mario Foscarina	French	1850	1921
Ernst Linko	Finnish	1889	1960
Carl Czerny	Austrian	1791	1857
François Prume	Belgian	1816	1849
Johann Josef Rösler	Bohemian	1771	1812
Otto Reinsdorf	German	1848	1890
Emmanuel Chavaneau	unknown	unknown	unknown
Milo Ellsworth Benedict	unknown	1866	1931
Claude Le Jeune	French	1528	1600
Irina Bragina	unknown	1973	-
Grigory Krein	Russian	1879	1955
Elisa Fuchs-Delaye	unknown	1902	-
Henning Mankell	Swedish	1868	1930
Harry Drew	unknown	unknown	unknown
Nathan Jensen	unknown	unknown	unknown
Gustav Saenger	Spanish	1865	1935
Ted Snyder	American	1881	1965
Alexis de Castillon	French	1838	1873
Liana Alexandra	Romanian	1947	2011
Bernhard Stavenhagen	German	1862	1914
Manuel Infante	Spanish	1883	1958
Claudio Macchi	Italian	1928	1992
François-Alexis Cavaillé	unknown	unknown	unknown
Ettore Pozzoli	Italian	1873	1957
Alexander Strugov	unknown	unknown	unknown
George R. Paine	unknown	unknown	unknown
Carlos Andrés Jurado	unknown	unknown	unknown
Stanislav Letovsky	American	1890	1965
Johan Lindegren	Swedish	1842	1908
Rodolfo Mattiozzi	Italian	1832	1875
Mikhail Ivanov-Boretsky	Russian	1874	1936
Erich Wolfgang Korngold	American	1897	1957
Arturo Toscanini	Italian	1867	1957
Christian Pezold	German	1677	1733
Peter Piel	German	1835	1904
Theo Ward	American	1902	1961
Yichuan Shen	Chinese	unknown	unknown
Ermend Bonnal	French	1880	1944
Hans Buchner	German	1483	1538
DeLano Cain	unknown	unknown	unknown
Ernest John Moeran	British	1894	1950
Albert Biehl	German	1835	1899
Valentine Chevrier	unknown	unknown	unknown
Alden Jenks	American	1940	-
Harold Bedoya	Colombian	1988	-
Walter Gatti	unknown	unknown	unknown
Leopold Kozeluch	Bohemian	1747	1818
Jacopo Foroni	Italian	1824	1858
Alec Rowley	British	1892	1958
Boris Lyatoshinsky	Ukrainian	1895	1968
Giovanni Battista Biondi	unknown	1598	1609
E.J. Mergen	unknown	unknown	unknown
Nikolaos-Laonikos Psimikakis-Chalkokondylis	unknown	unknown	unknown
Cyril Plante	unknown	1975	-
Karl Matys	German	1835	1908
Richard Burg	unknown	unknown	unknown
William Wolstenholme	British	1865	1931
Alexandre Tansman	French	1897	1986
Karen Keyhani	Iranian	1979	-
Pyotr Ryazanov	Russian	1899	1942
Harris Andersen	unknown	unknown	unknown
Joseph Cox Bridge	British	1853	1929
Nikolay Obukhov	Russian	1892	1954
Karl Wohlfart	Swedish	1874	1943
Samuel Webbe	British	1740	1816
Charles Vollweiler	German	1770	1847
Hugo Wolf	Austrian	1860	1903
Guillaume Vargas	unknown	unknown	unknown
Edward Mack	American	1826	1882
Richard Armstrong Whiting	American	1891	1938
Adrian Dahl	Swedish	1864	1935
Anton Webern	Austrian	1883	1945
Adolf Gutmann	German	1819	1882
Ferdinand Möhring	German	1816	1887
Apollon Gussakovsky	Russian	1841	1875
Fritz Kirchner	German	1840	1907
François Bazin	French	1816	1878
Gustav Ellerton	unknown	unknown	unknown
Ernest Gillet	French	1856	1940
Celestina Masotti	unknown	unknown	unknown
Auguste Franchomme	French	1808	1884
Leander Fisher	American	1850	1917
Paul Dupin	French	1865	1949
Atie Bernet	Dutch	1955	-
Ernst Eichner	German	1740	1777
Georges Guiraud	French	1868	1928
Jean-François Dandrieu	French	1682	1738
Felix Borowski	American	1872	1956
Paul Ladmirault	French	1877	1944
Juan Alais	Argentine	1844	1914
Charles Gounod	French	1818	1893
Octávio Pinto	Brazilian	1890	1950
Tobias Volckmar	German	1678	Died
Leonhard von Call	Austrian	1767	1815
Edmund Braham	American	1860	1921
Julián Aguirre	Argentine	1868	1924
Amy Marcy Beach	American	1867	1944
Ernst Krenek	Austrian	1900	1991
Fidelis Zitterbart Jr.	American	1845	1915
Melvin Clive Bird	British	1955	-
John Orth	American	1850	1932
Vivien Mertz Elteart	unknown	unknown	unknown
Silvestre Revueltas	Mexican	1899	1940
Gertrude Ina Robinson	unknown	1868	unknown
José Guelbenzu	Spanish	1819	1886
Ludwig Wilhelm Tepper von Ferguson	Polish	1768	1838
Julius Reubke	German	1834	1858
Cecil Burleigh	American	1885	1980
Anton Diabelli	Austrian	1781	1858
Carel Anton Fodor	Dutch	1768	1846
Heinrich Panofka	German	1807	1887
Hendrik Pieter Steenhuis	unknown	1850	1934
Frédéric Chopin	Polish	1810	1849
Richard Kenwood Herriott	unknown	unknown	unknown
Lindsay Lennox	unknown	unknown	unknown
Giovanni Battista Pergolesi	Italian	1710	1736
Herrman S. Saroni	American	1824	1900
Olaf Paulus	unknown	unknown	unknown
Harvey Worthington Loomis	American	1865	1930
Giuseppe Martucci	Italian	1856	1909
Arthur Pryor	American	1869	1942
Kaspar Kummer	German	1795	1870
David Pellejer	unknown	unknown	unknown
Johann Caspar Ferdinand Fischer	German	1656	1746
Landon Ronald	British	1873	1938
Wm. G. Banks	unknown	unknown	unknown
Olaf Emil Eriksen	Norwegian	1841	1914
Ignaz Moscheles	Bohemian	1794	1870
Erkki Melartin	Finnish	1875	1937
Luis de Soria	unknown	1851	1935
James Scott	American	1885	1938
Charles Crozat Converse	American	1832	1918
Gaspar Cassadó	Spanish	1897	1966
E. B. Bacon	unknown	unknown	unknown
William Alexander Kilner	unknown	unknown	unknown
Leonardo de Lorenzo	Italian	1875	1962
Friedrich Max Anton	German	1877	1939
Alfred Cottin	French	1863	1923
Fromental Halévy	French	1799	1862
Nikolay Myaskovsky	Russian	1881	1950
Viking Dahl	Swedish	1895	1945
George Baclay	unknown	unknown	unknown
Craig Shoemaker	unknown	unknown	unknown
Venanzio Cellitti	unknown	1972	-
Mary Bowden	American	unknown	unknown
Mikhail Krasev	Russian	1897	1954
Andrzej Chmielewski	unknown	unknown	unknown
Louis Oscar Comettant	French	1819	1898
Sylvio Lazzari	French	1857	1944
Bernard Adler	American	1879	1942
Hugo Bussmeyer	unknown	1842	1912
Javier Jacinto	Spanish	1968	-
G. W. Adams	unknown	unknown	unknown
Vazel Merenzeine	unknown	1990	-
Henri Verley	unknown	unknown	unknown
Ricardo Castro	Mexican	1864	1907
Ossip Gabrilowitsch	American	1878	1936
Johann Sebastian Bach	German	1685	1750
Joâo Schnier	unknown	unknown	unknown
Carl Grammann	German	1842	1897
Clara Schumann	German	1819	1896
Mily Balakirev	Russian	1837	1910
John William Harmston	British	1822	1881
Lionel John Alexander Monckton	British	1861	1924
Rikard Nordraak	Norwegian	1842	1866
Marco Enrico Bossi	Italian	1861	1925
Nikolay Kochetov	Russian	1864	1925
Daniel Léo Simpson	American	1959	2019
Kurt Striegler	German	1886	1958
Aleksandr Gedike	Russian	1877	1957
James Fry	unknown	1949	-
Friedrich von Flotow	German	1812	1883
Alexis Chauvet	French	1837	1871
Antoni Stolpe	Polish	1851	1872
Carl Heins	German	1859	1923
Otto Langey	American	1851	1922
Georges Micheuz	Austrian	1805	1882
A. Marando	unknown	unknown	unknown
Homer Grunn	American	1880	1944
Moritz Moszkowski	German	1854	1925
George Frederick Boyle	Australian	1886	1948
Georg Capellen	German	1869	1934
R. Gruenwald	unknown	unknown	unknown
Jean-Pierre Solié	French	1755	1812
Tatiana Stankovych	unknown	unknown	unknown
Karl Adolf Lorenz	German	1837	1923
Arthur Shepherd	American	1880	1958
Hannes Kotka	Finnish	1898	1934
Leopold Mozart	German	1719	1787
Brandon Owen	unknown	unknown	unknown
Aleksandr Glazunov	Russian	1865	1936
Tivadar Nachéz	Hungarian	1859	1930
Pierre de Bréville	French	1861	1949
Louis Ganne	French	1862	1923
Albert Roussel	French	1869	1937
Sebastian Lee	German	1805	1887
Wilhelm Kothe	unknown	1831	1899
Mieczysław Surzyński	Polish	1866	1924
Roy Agnew	Australian	1891	1944
John Ireland	British	1879	1962
Jan Kleczyński	Polish	1837	1895
Charles Mayer	German	1799	1862
Georg Scholz	unknown	unknown	unknown
Marianne Auenbrugger	Austrian	1759	1782
Makar Yekmalian	Armenian	1856	1905
W. P. Badger	unknown	unknown	unknown
W. R. Hunt	unknown	unknown	unknown
Charles Quef	French	1873	1931
Magda Bugge	unknown	unknown	unknown
Fabio Campana	Italian	1819	1882
Eduardo H. de Anduaga	unknown	unknown	unknown
Christian Flor	German	1626	1697
Johann Baptist Gänsbacher	Austrian	1778	1844
Kristof J. Weber	unknown	unknown	unknown
Fats Waller	American	1904	1943
Andreas Sain	unknown	unknown	unknown
John Philip Sousa	American	1854	1932
Alexandre Welinsky	unknown	unknown	unknown
Alfredo Carrasco	Mexican	1875	1945
Ernst Kullak	German	1855	1914
George Marston	British	1882	1940
Carl Chesneau	unknown	unknown	unknown
François Brémond	unknown	1844	1925
Karl Klindworth	German	1830	1916
Lazare Saminsky	Russian	1882	1959
Gianluca Bersanetti	unknown	unknown	unknown
Matin ShaianFar	unknown	unknown	unknown
Viktor Jacobi	Hungarian	1883	1921
Alessandro Mentasti	Italian	1844	1910
Serban Nichifor	Romanian	1954	-
Florence Price	American	1887	1953
Matvey Gozenpud	Ukrainian	1903	1961
Karl Jacobi	German	1804	1851
Antonio José Cappa	Spanish	1824	1886
António Fragoso	Portuguese	1897	1918
Arturo Gutiérrez-Martínez	Mexican	1984	-
Helen Hopekirk	British	1856	1945
Boris Karagichev	Russian	1879	1946
Walter Wallace Smith	unknown	1894	1948
Nicolai von Wilm	German	1834	1911
Gioseffo Zarlino	Italian	1517	1590
Chester Edward Ide	American	1877	1944
Johann Pfeifer	German	1697	1761
Konstantin Eiges	Russian	1875	1950
Paul Juon	Russian	1872	1940
Edward J. Mellinger	unknown	unknown	unknown
Walter Rolfe	American	1880	1944
Alexander Julius Paul Dorn	German	1833	1901
Kor Kuiler	Dutch	1877	1951
Camille Stamaty	French	1811	1870
Reynaldo Hahn	French	1874	1947
Algernon Ashton	British	1859	1937
Colin Peter Snuggs	unknown	1977	-
Heitor Villa-Lobos	Brazilian	1887	1959
Paul Paray	French	1886	1979
Karl Deigendesch	unknown	1839	1911
Luigi Bottazzo	Italian	1845	1924
Jan Václav Voříšek	Czech	1791	1825
František Pícha	Czech	1893	1964
Anselm Hüttenbrenner	Austrian	1794	1868
John Twiname Gardner	British	1854	1914
Rex de Cairos-Rego	Australian	1858	1946
Johann Ludwig Krebs	German	1713	1780
Adam Wroński	Polish	1850	1915
Albert Pieczonka	American	1828	1912
Richard Kram	unknown	unknown	unknown
Clifford Adams	unknown	unknown	unknown
Johann Baptist Peyer	Austrian	1678	1733
Fritz Zierau	German	1865	1931
Jordan Nobles	Canadian	1969	-
Francesco Zappa	Italian	1717	1788
Philipp Scharwenka	German	1847	1917
Gustav Lazarus	German	1861	1920
Léonard Gautier	French	1866	1955
Édouard Deransart	unknown	unknown	unknown
Thomas Morley	British	1557	1602
Théodore Lack	French	1846	1921
Adolfo Fumagalli	Italian	1828	1856
Vladimir Drozdov	American	1882	1960
Vladimir Deshevov	Russian	1889	1955
Valery Zhelobinsky	Russian	1913	1946
Joseph Batta	Dutch	1824	unknown
Ulises Hernández	unknown	unknown	unknown
Carl Kölling	German	1831	1914
Nestor Nizhankovsky	unknown	1893	1940
Reginald De Koven	American	1859	1920
Alexander von Zemlinsky	Austrian	1871	1942
Johann Joseph Fux	Austrian	1660	1741
Edgar Leslie Bainton	Australian	1880	1956
Edgar Girtain IV	unknown	1988	-
Robert Volkmann	German	1815	1883
George Alfred Grant-Schaefer	American	1872	1939
Jean-Baptiste Weckerlin	French	1821	1910
Cesare Negri	Italian	1535	1605
Alexandre Guilmant	French	1837	1911
Richard Strauss	German	1864	1949
Stefano Vicelli	Italian	1987	-
Timur Ismagilov	Russian	1982	-
Charles Summer Morrison	unknown	unknown	unknown
François Campion	French	1686	1747
Joseph Marx	Austrian	1882	1964
Leo Ernst	unknown	unknown	unknown
Albert Alain	French	1880	1971
Rudolf Bial	German	1834	1881
Hanns Eisler	Austrian	1898	1962
Rolf-Peter Wille	unknown	unknown	unknown
Gustav Satter	Austrian	1832	1879
Joseph Woelfl	Austrian	1773	1812
Richard W. Sargeant Jr.	unknown	unknown	unknown
Norman O'Neill	British	1875	1934
Ignaz Tedesco	Bohemian	1817	1882
Irene Audain	unknown	unknown	unknown
Fini Henriques	Danish	1867	1940
Abraham Tena Manrique	unknown	unknown	unknown
Marie Josef Erb	French	1858	1944
Ferdinand Laven	German	1879	1947
Kio Song	Japanese	unknown	unknown
Graham Client	unknown	unknown	unknown
William F. Sudds	American	1843	1920
Stephen Foster	American	1826	1864
Calixa Lavallée	Canadian	1842	1891
Józef Nowakowski	Polish	1800	1865
Franz Anton Hoffmeister	German	1754	1812
Emanuel Chvála	Czech	1851	1924
Filip Lazar	Romanian	1894	1936
Arnoldo Sartorio	German	1853	1936
Joaquín Nin	Cuban	1879	1949
Adolph Baumbach	German	1830	1880
Gatien Marcailhou	French	1807	1855
Tekla Bądarzewska-Baranowska	Polish	1834	1861
Marco Dall'Aquila	Italian	1480	1544
Samuil Maykapar	Russian	1867	1938
Steven O'Brien	unknown	unknown	unknown
Josef Gabriel Rheinberger	German	1839	1901
Johann Went	Bohemian	1745	1801
Jacques Widerkehr	French	1759	1823
Davide Verotta	unknown	unknown	unknown
George Alexander Macfarren	British	1813	1887
Walter E. Miles	unknown	unknown	unknown
Carl Friedrich Zelter	German	1758	1832
Ruperto Chapí	Spanish	1851	1909
Karl Muscat	unknown	unknown	unknown
Charles-Hilaire Laurent	unknown	unknown	unknown
Mark Janza	unknown	unknown	unknown
Gregory Carl Pfeiffer	American	1977	-
Drew Bales	unknown	unknown	unknown
Berthold Damcke	German	1812	1875
Fábio Soldá	unknown	unknown	unknown
Gustav Holst	British	1874	1934
Charles Ives	American	1874	1954
Jean-Baptiste Lafrenière	Canadian	1874	1912
Jules Daniel	French	1842	1912
Eduard Rohde	German	1828	1883
Gregory Hamilton	American	1959	-
Gara Garayev	Azerbaijani	1918	1982
Friedrich Starke	German	1774	1835
Olivier Lebierre	unknown	1851	1914
Alfred Frederic Mullen	British	1868	1936
Pascal Picard	French	1962	-
Henri Chollet	unknown	unknown	unknown
Sigizmund Zaremba	Russian	1861	1915
René Amengual	Chilean	1911	1954
Edward Enrico Gerber	unknown	unknown	unknown
Władysław Żeleński	Polish	1837	1921
Rudolf Niemann	German	1876	1953
Gabriel Fauré	French	1845	1924
William Vincent Wallace	Irish	1812	1865
George Petrie	Irish	1790	1866
Dosia McKay	American	unknown	unknown
Max Reger	German	1873	1916
Johann Strauss Jr.	Austrian	1825	1899
Louis Eller	Austrian	1820	1862
Henry Sarly	Belgian	1659	1695
Carlotta Ferrari	Italian	1837	1907
Gaston Carraud	French	1864	1920
Ernest Cury	unknown	unknown	unknown
Charles Dennée	American	1863	1946
A. F. S. Gustafson	unknown	unknown	unknown
Hermann Adolf Wollenhaupt	German	1827	1863
Elisabeth von Herzogenberg	German	1847	1892
Edward Horsman	American	1873	1918
Michael S Jones	Canadian	1942	-
Jules Rochard	unknown	unknown	unknown
Gerard Bunk	German	1888	1958
Blanche Selva	French	1884	1942
Giovanni Gabrieli	Italian	1557	1612
Sergio Aarón Pérez	unknown	1992	-
Charles Wiseman	Italian	1738	1778
Ulisse Matthey	Italian	1876	1947
Wilhelm Küchenmeister	unknown	unknown	unknown
Anton Dianov	Russian	1882	1939
Francisco Hargreaves	Argentine	1849	1900
Isidore Leo Pavia	Italian	1875	1945
Selim Palmgren	Finnish	1878	1951
Felix Blumenfeld	Russian	1863	1931
Yuri Yatsevich	Ukrainian	1901	1968
Johann Christian Bach	German	1735	1782
Gustave Sandré	French	1843	1916
Auguste Werner	Norwegian	1893	1980
Nikolay Roslavets	Russian	1881	1944
A. Emmett Adams	unknown	unknown	unknown
Johann Resch	Austrian	1830	1889
Lyonel Feininger	German	1871	1956
Charles-Louis Hanon	French	1819	1900
Gilbert-Louis Duprez	French	1806	1896
Sol Paul Levy	American	1881	1920
John Blackwood McEwen	British	1868	1948
D. Emlyn Evans	British	1843	1913
Charles Bordes	French	1863	1909
Jean Huré	French	1877	1930
George Onslow	French	1784	1853
Ferdinand Poise	French	1828	1892
José Hilario Miramontes	unknown	unknown	unknown
Alain M. Jacques	unknown	unknown	unknown
Angelo Mariani	Italian	1821	1873
Ernesto Ferreri	unknown	unknown	unknown
Sina Kafashi	unknown	unknown	unknown
Edmond Missa	French	1861	1910
Thomas James Hewitt	unknown	1880	1948
Kristian Oma Rønnes	unknown	1991	-
Theodore Akimenko	Russian	1876	1945
Arnold Bax	British	1883	1953
J. Franz	Austrian	1732	1809
Carlo Gianelli	unknown	unknown	unknown
Henri Cieutat	unknown	unknown	unknown
Bob Alden	unknown	unknown	unknown
Philippe Bérot	French	1881	1918
Henry L. Tucker	American	1826	1882
Johann Georg Witthauer	German	1750	1802
Émile Bret	unknown	1824	1891
Gabriel Sizes	unknown	unknown	unknown
Arthur Battelle Whiting	American	1861	1936
Stefan Malinowski	American	1953	-
Adolf Minot	unknown	unknown	unknown
Friedrich Kuhlau	Danish	1786	1832
Marianne Martinez	Austrian	1744	1812
Édouard Broustet	French	1836	1901
Isadore Freed	Belarusian	1900	1960
Jean-Baptiste Parant	Italian	1632	1687
Johann Christoph Friedrich Bach	German	1732	1795
Louis Aubert	French	1877	1968
Gustaf Hildor Brink	Swedish	1858	1904
Francesco Bianciardi	Italian	1570	1607
Emile Chizat	French	1855	1924
Piotr Maszyński	Polish	1855	1934
Charles Oberthür	German	1819	1895
Adolph Kölling	German	1840	1913
Fabio Costa	Brazilian	1971	-
Gina Ismene Chitty	Australian	unknown	unknown
Leonid Sabaneyev	Russian	1881	1968
John Francis Barnett	British	1837	1916
Luigi Rossi	Italian	1597	1653
Walter Donaldson	American	1893	1947
Wilhelm Heiser	German	1816	1897
Komitas Vardapet	Armenian	1869	1935
Orazio Benevoli	Italian	1605	1672
Joseph Kaspar Raff	unknown	unknown	unknown
Marcial del Adalid	Spanish	1826	1881
George Templeton Strong	American	1856	1948
Charles Alard	French	1815	1888
Pierre Baillot	French	1771	1842
Marieh Marieh	unknown	unknown	unknown
José Ferrer	Spanish	1835	1916
Arthur Benjamin	Australian	1893	1960
Jules Massenet	French	1842	1912
Renato Segati Moraes	unknown	unknown	unknown
Aleksander Michałowski	Polish	1873	1938
Paul Schumacher	German	1848	1891
Johann Friedrich Reichardt	German	1752	1814
José María Usandizaga	Spanish	1887	1915
Joseph Haas	German	1879	1960
Henry Leslie	British	1822	1896
Leonid Polovinkin	Russian	1894	1949
Julián Santos Carrión	Spanish	1908	1983
Wilfred Sanderson	British	1878	1935
Erwin Schulhoff	Czech	1894	1942
Sriram Ajith	unknown	unknown	unknown
Günther Bartel	German	1833	1911
Frederic Abel	German	1723	1787
Archibald Joyce	British	1873	1963
Daniel Van Goens	French	1858	1904
Paul Csige	American	1982	-
Martin Grayson	unknown	unknown	unknown
Louis Couperin	French	1626	1661
Ángel Gregorio Villoldo	Argentine	1861	1919